-- phpMyAdmin SQL Dump
-- version 5.2.3
-- https://www.phpmyadmin.net/
--
-- Hôte : 127.0.0.1:3306
-- Généré le : sam. 24 jan. 2026 à 15:27
-- Version du serveur : 8.4.7
-- Version de PHP : 8.3.28

SET SQL_MODE = "NO_AUTO_VALUE_ON_ZERO";
START TRANSACTION;
SET time_zone = "+00:00";


/*!40101 SET @OLD_CHARACTER_SET_CLIENT=@@CHARACTER_SET_CLIENT */;
/*!40101 SET @OLD_CHARACTER_SET_RESULTS=@@CHARACTER_SET_RESULTS */;
/*!40101 SET @OLD_COLLATION_CONNECTION=@@COLLATION_CONNECTION */;
/*!40101 SET NAMES utf8mb4 */;

--
-- Base de données : `web_shop_it`
--

-- --------------------------------------------------------

--
-- Structure de la table `categorie`
--

DROP TABLE IF EXISTS `categorie`;
CREATE TABLE IF NOT EXISTS `categorie` (
  `id_cat` int NOT NULL,
  `designation_cat` varchar(50) CHARACTER SET utf8mb4 COLLATE utf8mb4_unicode_ci NOT NULL,
  PRIMARY KEY (`id_cat`)
) ENGINE=InnoDB DEFAULT CHARSET=utf8mb4 COLLATE=utf8mb4_unicode_ci;

--
-- Déchargement des données de la table `categorie`
--

INSERT INTO `categorie` (`id_cat`, `designation_cat`) VALUES
(1, 'MARCHANDISE'),
(2, 'UTILISATION PERSONNEL'),
(3, 'VENTE FAMILIALE');

-- --------------------------------------------------------

--
-- Structure de la table `colis`
--

DROP TABLE IF EXISTS `colis`;
CREATE TABLE IF NOT EXISTS `colis` (
  `id_colis` int NOT NULL,
  `cat_id` int NOT NULL,
  `prd_id` int NOT NULL,
  `cpt_id` int NOT NULL,
  `mnt_tot_dev` decimal(10,4) NOT NULL,
  `date_achat` date NOT NULL,
  `date_stock` date DEFAULT NULL,
  `qte_achat` int NOT NULL,
  `qte_stock` int DEFAULT NULL,
  `droits_timbre` tinyint(1) DEFAULT NULL,
  `mnt_tot_dzd` decimal(10,4) NOT NULL,
  `pu_dev` decimal(10,4) NOT NULL,
  `pu_dzd` decimal(10,4) NOT NULL,
  `pu_dzd_ttc` decimal(10,4) NOT NULL,
  PRIMARY KEY (`id_colis`),
  KEY `colis_cat_id_fkey` (`cat_id`),
  KEY `colis_prd_id_fkey` (`prd_id`),
  KEY `colis_cpt_id_fkey` (`cpt_id`)
) ENGINE=InnoDB DEFAULT CHARSET=utf8mb4 COLLATE=utf8mb4_unicode_ci;

--
-- Déchargement des données de la table `colis`
--

INSERT INTO `colis` (`id_colis`, `cat_id`, `prd_id`, `cpt_id`, `mnt_tot_dev`, `date_achat`, `date_stock`, `qte_achat`, `qte_stock`, `droits_timbre`, `mnt_tot_dzd`, `pu_dev`, `pu_dzd`, `pu_dzd_ttc`) VALUES
(1, 2, 1, 1, 6.2600, '2023-10-27', '2023-11-14', 1, 1, 1, 1439.8000, 6.2600, 1439.8000, 1569.8000),
(2, 1, 2, 1, 11.1400, '2023-11-04', '2023-11-16', 2, 0, 1, 2562.2000, 5.5700, 1281.1000, 1346.1000),
(3, 1, 3, 1, 20.1100, '2023-11-11', '2023-12-07', 1, 0, 1, 4625.3000, 20.1100, 4625.3000, 4755.3000),
(4, 1, 4, 1, 12.5500, '2023-11-11', '2023-12-03', 1, 0, 1, 2886.5000, 12.5500, 2886.5000, 3016.5000),
(5, 1, 5, 1, 5.5300, '2023-11-11', '2023-12-04', 1, 0, 1, 1271.9000, 5.5300, 1271.9000, 1401.9000),
(6, 1, 6, 1, 10.1600, '2023-11-11', '2023-12-12', 1, 0, 1, 2336.8000, 10.1600, 2336.8000, 2466.8000),
(7, 3, 7, 1, 5.6300, '2023-11-14', '2023-12-03', 1, 0, 1, 1294.9000, 5.6300, 1294.9000, 1424.9000),
(8, 1, 8, 1, 5.7600, '2023-11-23', '2023-12-21', 1, 0, 1, 1324.8000, 5.7600, 1324.8000, 1454.8000),
(9, 1, 9, 1, 24.0800, '2023-11-29', '2024-01-08', 5, 0, 1, 5538.4000, 4.8200, 1107.6800, 1133.6800),
(10, 1, 10, 1, 2.6800, '2023-11-30', '2023-12-25', 1, 0, 1, 616.4000, 2.6800, 616.4000, 746.4000),
(11, 2, 11, 1, 1.9000, '2023-11-30', '2024-01-18', 1, 1, 1, 437.0000, 1.9000, 437.0000, 567.0000),
(12, 1, 12, 3, 18.0083, '2024-01-01', '2024-02-11', 4, 0, 1, 4165.3198, 4.5000, 1041.3300, 1073.8300),
(13, 2, 13, 3, 0.0505, '2024-01-10', '2024-02-11', 1, 1, 1, 11.6807, 0.0500, 11.6807, 141.6807),
(14, 2, 14, 3, 2.9391, '2024-01-12', '2024-03-22', 1, 1, 1, 679.8138, 2.9400, 679.8138, 809.8138),
(15, 2, 15, 3, 4.6157, '2024-01-12', '2024-03-12', 1, 1, 1, 1067.6114, 4.6200, 1067.6114, 1197.6114),
(16, 2, 14, 3, 3.8885, '2024-01-12', '2024-02-22', 1, 1, 1, 899.4101, 3.8900, 899.4101, 1029.4101),
(17, 2, 16, 3, 3.9794, '2024-01-12', '2024-02-12', 1, 1, 1, 920.4352, 3.9800, 920.4352, 1050.4352),
(18, 1, 17, 3, 7.8073, '2024-02-01', '2024-03-01', 1, 0, 0, 1805.8285, 7.8100, 1805.8285, 1805.8285),
(19, 1, 18, 3, 18.5335, '2024-02-01', '2024-02-22', 1, 0, 0, 4286.7986, 18.5300, 4286.7986, 4286.7986),
(20, 2, 19, 3, 0.7525, '2024-02-05', '2024-04-20', 1, 0, 1, 174.0532, 0.7500, 174.0532, 304.0532),
(21, 2, 19, 3, 0.7525, '2024-02-05', '2024-04-20', 1, 1, 1, 174.0532, 0.7500, 174.0532, 304.0532),
(22, 1, 9, 3, 18.1699, '2024-02-08', '2024-03-01', 5, 0, 0, 4202.6979, 3.6300, 840.5396, 840.5396),
(23, 1, 17, 1, 6.9400, '2024-02-01', '2024-03-01', 1, 0, 0, 1596.2000, 6.9400, 1596.2000, 1596.2000),
(24, 1, 20, 1, 7.9300, '2024-02-01', '2024-03-01', 1, 0, 0, 1823.9000, 7.9300, 1823.9000, 1823.9000),
(25, 1, 21, 1, 9.9300, '2024-02-09', '2024-03-01', 3, 0, 1, 2283.9000, 3.3100, 761.3000, 804.6333),
(26, 3, 22, 1, 12.6700, '2024-02-16', '2024-03-16', 1, 0, 0, 2914.1000, 12.6700, 2914.1000, 2914.1000),
(27, 1, 23, 1, 6.5200, '2024-03-22', '2024-04-30', 1, 0, 0, 1601.8988, 6.5200, 1601.8988, 1601.8988),
(28, 2, 24, 3, 0.5200, '2024-03-15', '2024-04-07', 1, 1, 1, 120.3592, 0.5200, 120.3592, 250.3592),
(29, 2, 14, 3, 3.8000, '2024-03-15', '2024-05-08', 1, 1, 1, 879.5480, 3.8000, 879.5480, 1009.5480),
(30, 1, 23, 3, 7.1710, '2024-03-22', '2024-04-30', 1, 0, 1, 1659.7997, 7.1700, 1659.7997, 1789.7997),
(31, 2, 25, 3, 0.3000, '2024-03-04', '2024-04-02', 1, 1, 1, 69.4380, 0.3000, 69.4380, 199.4380),
(32, 2, 26, 3, 0.7979, '2024-03-04', '2024-03-28', 1, 1, 0, 184.6819, 0.8000, 184.6819, 184.6819),
(33, 2, 27, 3, 0.0000, '2024-03-05', '2024-05-08', 1, 1, 0, 0.0000, 0.0000, 0.0000, 0.0000),
(34, 2, 28, 3, 0.0000, '2024-03-05', '2024-05-07', 1, 1, 0, 0.0000, 0.0000, 0.0000, 0.0000),
(35, 2, 29, 3, 0.2424, '2024-03-05', '2024-05-12', 1, 1, 0, 56.1059, 0.2400, 56.1059, 56.1059),
(36, 2, 30, 3, 1.4645, '2024-03-05', '2024-03-28', 1, 1, 1, 338.9732, 1.4600, 338.9732, 468.9732),
(37, 1, 31, 3, 1.1817, '2024-03-06', '2024-05-12', 1, 0, 1, 273.5163, 1.1800, 273.5163, 403.5163),
(38, 2, 32, 3, 2.1614, '2024-03-07', '2024-04-11', 1, 1, 1, 500.2776, 2.1600, 500.2776, 630.2776),
(39, 2, 33, 3, 1.0201, '2024-03-08', '2024-05-07', 1, 1, 0, 236.1123, 1.0200, 236.1123, 236.1123),
(40, 3, 34, 1, 21.2700, '2024-03-22', '2024-05-12', 1, 0, 0, 5225.8263, 21.2700, 5225.8263, 5225.8263),
(41, 1, 35, 1, 9.8000, '2024-03-24', '2024-05-20', 2, 0, 0, 2407.7620, 4.9000, 1203.8810, 1203.8810),
(42, 1, 36, 1, 1.8100, '2024-03-24', '2024-05-20', 1, 0, 0, 444.6989, 1.8100, 444.6989, 444.6989),
(43, 1, 36, 1, 1.5100, '2024-03-24', '2024-05-20', 1, 0, 0, 370.9919, 1.5100, 370.9919, 370.9919),
(44, 2, 36, 1, 1.5100, '2024-03-24', '2024-05-12', 1, 1, 0, 370.9919, 1.5100, 370.9919, 370.9919),
(45, 1, 37, 1, 8.4500, '2024-03-27', '2024-04-30', 1, 0, 1, 2076.0805, 8.4500, 2076.0805, 2206.0805),
(46, 1, 17, 1, 6.9700, '2024-03-27', '2024-05-08', 1, 0, 0, 1712.4593, 6.9700, 1712.4593, 1712.4593),
(47, 2, 38, 1, 0.9393, '2024-03-24', '2024-04-24', 1, 1, 1, 230.7766, 0.9400, 230.7766, 360.7766),
(48, 2, 39, 3, 0.0606, '2024-03-27', '2024-04-30', 1, 1, 0, 14.0265, 0.0600, 14.0265, 14.0265),
(49, 2, 25, 3, 0.5656, '2024-03-28', '2024-04-30', 1, 1, 1, 130.9138, 0.5700, 130.9138, 260.9138),
(50, 1, 37, 1, 8.4700, '2024-03-27', '2024-04-29', 1, 0, 0, 2080.9943, 8.4700, 2080.9943, 2080.9943),
(51, 1, 40, 1, 6.4500, '2024-03-28', '2024-04-30', 1, 0, 0, 1584.7005, 6.4500, 1584.7005, 1584.7005),
(52, 1, 40, 1, 7.7300, '2024-03-28', '2024-04-30', 1, 0, 0, 1899.1837, 7.7300, 1899.1837, 1899.1837),
(53, 2, 41, 1, 0.2200, '2024-03-28', '2024-05-23', 1, 1, 1, 54.0518, 0.2200, 54.0518, 184.0518),
(54, 2, 42, 1, 3.1600, '2024-03-28', '2024-04-30', 1, 1, 0, 776.3804, 3.1600, 776.3804, 776.3804),
(55, 1, 43, 1, 7.1200, '2024-03-28', '2024-04-24', 1, 0, 0, 1749.3128, 7.1200, 1749.3128, 1749.3128),
(56, 1, 44, 1, 5.2000, '2024-04-01', '2024-05-20', 1, 0, 0, 1277.5880, 5.2000, 1277.5880, 1277.5880),
(57, 1, 45, 1, 3.3800, '2024-04-08', '2024-05-08', 1, 0, 0, 830.4322, 3.3800, 830.4322, 830.4322),
(58, 2, 46, 3, 0.6969, '2024-04-04', '2024-05-02', 1, 1, 1, 161.3045, 0.7000, 161.3045, 291.3045),
(59, 2, 45, 1, 3.3800, '2024-04-08', '2024-05-23', 1, 1, 0, 830.4322, 3.3800, 830.4322, 830.4322),
(60, 1, 47, 1, 1.9300, '2024-04-08', '2024-05-08', 1, 0, 0, 474.1817, 1.9300, 474.1817, 474.1817),
(61, 1, 47, 1, 1.9300, '2024-04-08', '2024-04-30', 1, 0, 0, 474.1817, 1.9300, 474.1817, 474.1817),
(62, 1, 48, 1, 11.8200, '2024-04-15', '2024-05-30', 1, 0, 1, 2904.0558, 11.8200, 2904.0558, 3034.0558),
(63, 1, 49, 1, 17.3400, '2024-04-18', '2024-05-30', 1, 0, 1, 4260.2646, 17.3400, 4260.2646, 4390.2646),
(64, 2, 50, 1, 2.8600, '2024-04-19', '2024-05-20', 1, 1, 1, 702.6734, 2.8600, 702.6734, 832.6734),
(65, 2, 51, 1, 0.3100, '2024-04-19', '2024-05-31', 1, 1, 1, 76.1639, 0.3100, 76.1639, 206.1639),
(66, 2, 52, 1, 2.9000, '2024-04-20', '2024-05-31', 1, 1, 0, 712.5010, 2.9000, 712.5010, 712.5010),
(67, 2, 53, 3, 0.1414, '2024-04-20', '2024-05-25', 1, 1, 1, 32.7284, 0.1400, 32.7284, 162.7284),
(68, 1, 21, 1, 9.5300, '2024-04-22', '2024-05-25', 3, 0, 1, 2341.4257, 3.1800, 780.4752, 823.8085),
(69, 1, 54, 1, 4.5400, '2024-04-22', '2024-05-25', 1, 0, 1, 1115.4326, 4.5400, 1115.4326, 1245.4326),
(70, 2, 55, 3, 0.1010, '2024-05-19', '2024-06-11', 1, 1, 1, 23.3775, 0.1000, 23.3775, 153.3775),
(71, 1, 56, 1, 9.5000, '2024-05-29', '2024-07-01', 1, 0, 1, 2336.9050, 9.5000, 2336.9050, 2466.9050),
(72, 1, 56, 1, 9.5000, '2024-05-29', '2024-07-01', 1, 0, 1, 2336.9050, 9.5000, 2336.9050, 2466.9050),
(73, 1, 37, 1, 8.4800, '2024-05-29', '2024-08-12', 1, 0, 1, 2085.9952, 8.4800, 2085.9952, 2215.9952),
(74, 1, 56, 1, 7.7200, '2024-06-01', '2024-07-06', 1, 0, 1, 1899.0428, 7.7200, 1899.0428, 2029.0428),
(75, 1, 56, 1, 7.7200, '2024-06-01', '2024-07-06', 1, 0, 1, 1899.0428, 7.7200, 1899.0428, 2029.0428),
(76, 2, 57, 1, 2.4700, '2024-06-01', '2024-06-24', 1, 1, 0, 607.5953, 2.4700, 607.5953, 607.5953),
(77, 1, 40, 1, 7.8900, '2024-06-01', '2024-06-23', 1, 1, 1, 1940.8611, 7.8900, 1940.8611, 2070.8611),
(78, 1, 58, 1, 15.9600, '2024-06-01', '2024-07-25', 1, 0, 1, 3926.0004, 15.9600, 3926.0004, 4056.0004),
(79, 1, 40, 1, 7.8900, '2024-06-01', '2024-06-23', 1, 1, 1, 1940.8611, 7.8900, 1940.8611, 2070.8611),
(80, 1, 54, 1, 3.8700, '2024-06-02', '2024-06-03', 1, 0, 1, 951.9813, 3.8700, 951.9813, 1081.9813),
(81, 1, 56, 1, 7.6300, '2024-06-02', '2024-07-11', 1, 0, 1, 1876.9037, 7.6300, 1876.9037, 2006.9037),
(82, 1, 49, 1, 14.4500, '2024-06-02', '2024-06-16', 1, 0, 0, 3554.5555, 14.4500, 3554.5555, 3554.5555),
(83, 1, 59, 1, 12.7700, '2024-06-03', '2024-07-06', 1, 0, 1, 3141.2923, 12.7700, 3141.2923, 3271.2923),
(84, 1, 60, 1, 1.1900, '2024-06-04', '2024-06-29', 1, 0, 0, 292.7281, 1.1900, 292.7281, 292.7281),
(85, 1, 60, 1, 1.1900, '2024-06-04', '2024-06-29', 1, 0, 1, 292.7281, 1.1900, 292.7281, 422.7281),
(86, 2, 61, 1, 0.0100, '2024-06-05', '2024-07-01', 1, 1, 0, 2.4599, 0.0100, 2.4599, 2.4599),
(87, 2, 62, 3, 2.4139, '2024-06-05', '2024-06-23', 1, 1, 0, 558.7213, 2.4100, 558.7213, 558.7213),
(88, 2, 62, 3, 2.4139, '2024-06-05', '2024-06-23', 1, 1, 0, 558.7213, 2.4100, 558.7213, 558.7213),
(89, 1, 63, 1, 29.0800, '2024-06-06', '2024-07-06', 2, 0, 1, 7153.3892, 14.5400, 3576.6946, 3641.6946),
(90, 2, 55, 1, 0.0900, '2024-06-06', '2024-07-01', 1, 1, 0, 22.1391, 0.0900, 22.1391, 22.1391),
(91, 1, 64, 1, 22.4600, '2024-06-07', '2024-07-17', 2, 0, 0, 5524.9354, 11.2300, 2762.4677, 2762.4677),
(92, 2, 65, 3, 0.1010, '2024-06-17', '2024-07-04', 1, 1, 0, 23.3775, 0.1000, 23.3775, 23.3775),
(93, 2, 66, 3, 0.0101, '2024-06-17', '2024-07-01', 1, 1, 1, 2.3377, 0.0100, 2.3377, 132.3377),
(94, 2, 67, 3, 0.0101, '2024-06-17', '2024-07-15', 1, 1, 1, 2.3377, 0.0100, 2.3377, 132.3377),
(95, 1, 68, 1, 20.7500, '2024-06-18', '2024-08-04', 1, 0, 1, 5104.5000, 20.7500, 5104.5000, 5234.5000),
(96, 1, 47, 1, 0.1300, '2024-06-19', '2024-07-01', 1, 0, 1, 31.9800, 0.1300, 31.9800, 161.9800),
(97, 1, 47, 1, 0.1300, '2024-06-19', '2024-07-01', 1, 0, 1, 31.9800, 0.1300, 31.9800, 161.9800),
(98, 1, 69, 3, 9.0395, '2024-06-19', '2024-08-04', 1, 0, 1, 2088.7573, 9.0400, 2088.7573, 2218.7573),
(99, 2, 70, 3, 2.5048, '2024-06-20', '2024-07-15', 1, 1, 1, 578.7841, 2.5000, 578.7841, 708.7841),
(100, 1, 37, 1, 8.6300, '2024-06-20', '2024-07-01', 1, 0, 1, 2122.9800, 8.6300, 2122.9800, 2252.9800),
(101, 2, 71, 3, 21.0171, '2024-06-20', '2024-08-04', 1, 1, 1, 4856.4213, 21.0200, 4856.4213, 4986.4213),
(102, 2, 72, 3, 0.1111, '2024-06-23', '2024-07-15', 1, 1, 1, 25.6719, 0.1100, 25.6719, 155.6719),
(103, 2, 73, 3, 0.4848, '2024-06-23', '2024-07-01', 1, 1, 1, 112.0227, 0.4800, 112.0227, 242.0227),
(104, 2, 74, 3, 0.1010, '2024-06-28', '2024-07-01', 1, 1, 1, 23.3381, 0.1000, 23.3381, 153.3381),
(105, 2, 75, 3, 0.0606, '2024-06-29', '2024-07-01', 1, 1, 1, 14.0028, 0.0600, 14.0028, 144.0028),
(106, 2, 76, 3, 1.1211, '2024-06-30', '2024-08-04', 1, 1, 1, 259.0526, 1.1200, 259.0526, 389.0526),
(107, 2, 76, 1, 2.9000, '2024-06-30', '2024-08-04', 1, 1, 1, 713.4000, 2.9000, 713.4000, 843.4000),
(108, 2, 77, 3, 0.7070, '2024-07-01', '2024-08-12', 1, 1, 1, 163.3665, 0.7100, 163.3665, 293.3665),
(109, 2, 78, 3, 0.0101, '2024-07-01', '2024-08-04', 1, 1, 1, 2.3338, 0.0100, 2.3338, 132.3338),
(110, 2, 79, 3, 0.0101, '2024-07-03', '2024-08-21', 1, 1, 1, 2.3338, 0.0100, 2.3338, 132.3338),
(111, 1, 80, 1, 18.3400, '2024-07-04', '2024-08-01', 1, 0, 1, 4511.6400, 18.3400, 4511.6400, 4641.6400),
(112, 1, 81, 1, 7.0600, '2024-07-07', '2024-08-10', 1, 0, 0, 1736.7600, 7.0600, 1736.7600, 1736.7600),
(113, 1, 82, 1, 1.0900, '2024-07-07', '2024-08-14', 1, 0, 0, 268.1400, 1.0900, 268.1400, 268.1400),
(114, 1, 83, 1, 2.2100, '2024-07-09', '2024-08-30', 1, 0, 1, 543.6600, 2.2100, 543.6600, 673.6600),
(115, 1, 83, 1, 2.6800, '2024-07-09', '2024-08-10', 1, 0, 0, 659.2800, 2.6800, 659.2800, 659.2800),
(116, 1, 84, 1, 3.5200, '2024-07-11', '2024-07-30', 1, 0, 1, 865.9200, 3.5200, 865.9200, 995.9200),
(117, 2, 85, 3, 4.1938, '2024-07-11', '2024-08-06', 1, 1, 0, 969.0614, 4.1900, 969.0614, 969.0614),
(118, 1, 86, 1, 4.8100, '2024-07-12', '2024-08-06', 1, 0, 0, 1183.2600, 4.8100, 1183.2600, 1183.2600),
(119, 2, 83, 1, 1.2600, '2024-07-13', '2024-08-14', 1, 1, 1, 309.9600, 1.2600, 309.9600, 439.9600),
(120, 1, 87, 1, 3.9700, '2024-07-13', '2024-08-06', 1, 0, 0, 976.6200, 3.9700, 976.6200, 976.6200),
(121, 2, 88, 3, 0.0101, '2024-07-15', '2024-08-10', 1, 1, 0, 2.3338, 0.0100, 2.3338, 2.3338),
(122, 1, 89, 1, 9.8100, '2024-07-17', '2024-08-10', 1, 0, 0, 2413.2600, 9.8100, 2413.2600, 2413.2600),
(123, 1, 90, 1, 8.1000, '2024-07-17', '2024-08-06', 1, 0, 0, 1992.6000, 8.1000, 1992.6000, 1992.6000),
(124, 2, 91, 3, 0.0101, '2024-07-18', '2024-08-14', 1, 1, 1, 2.3338, 0.0100, 2.3338, 132.3338),
(125, 1, 92, 1, 0.0100, '2024-07-19', '2024-08-24', 1, 0, 1, 2.4600, 0.0100, 2.4600, 132.4600),
(126, 1, 93, 1, 21.4200, '2024-07-18', '2024-08-12', 1, 0, 1, 5269.3200, 21.4200, 5269.3200, 5399.3200),
(127, 1, 94, 1, 16.6400, '2024-07-19', '2024-08-24', 1, 0, 1, 4093.4400, 16.6400, 4093.4400, 4223.4400),
(128, 2, 95, 1, 1.7000, '2024-07-30', '2024-08-24', 1, 1, 1, 418.2000, 1.7000, 418.2000, 548.2000),
(129, 2, 79, 3, 0.1010, '2024-07-26', '2024-08-21', 1, 1, 1, 23.3381, 0.1000, 23.3381, 153.3381),
(130, 1, 80, 1, 19.2200, '2024-08-02', '2024-08-24', 1, 0, 1, 4728.1200, 19.2200, 4728.1200, 4858.1200),
(131, 3, 80, 1, 16.8400, '2024-08-02', '2024-09-22', 1, 0, 1, 4142.6400, 16.8400, 4142.6400, 4272.6400),
(132, 2, 96, 3, 0.1010, '2024-08-23', '2024-09-16', 1, 1, 0, 23.3381, 0.1000, 23.3381, 23.3381),
(133, 1, 97, 1, 6.4100, '2024-08-20', '2024-10-01', 1, 0, 0, 1576.8600, 6.4100, 1576.8600, 1576.8600),
(134, 1, 97, 1, 6.2000, '2024-08-20', '2024-10-01', 1, 0, 0, 1525.2000, 6.2000, 1525.2000, 1525.2000),
(135, 1, 98, 1, 12.9200, '2024-08-24', '2024-08-25', 1, 0, 1, 3129.6116, 12.9200, 3129.6116, 3259.6116),
(136, 1, 98, 1, 12.9200, '2024-08-24', '2024-08-25', 1, 0, 1, 3129.6116, 12.9200, 3129.6116, 3259.6116),
(137, 1, 47, 1, 1.2700, '2024-08-27', '2024-10-09', 1, 0, 1, 307.6321, 1.2700, 307.6321, 437.6321),
(138, 1, 99, 1, 1.9300, '2024-08-29', '2024-09-22', 1, 0, 1, 467.5039, 1.9300, 467.5039, 597.5039),
(139, 1, 100, 1, 19.5400, '2024-08-29', '2024-09-22', 2, 0, 1, 4733.1742, 9.7700, 2366.5871, 2431.5871),
(140, 1, 64, 1, 16.4900, '2024-09-01', '2024-09-29', 1, 0, 0, 3994.3727, 16.4900, 3994.3727, 3994.3727),
(141, 1, 101, 1, 17.1000, '2024-09-01', '2024-09-29', 1, 0, 1, 4142.1330, 17.1000, 4142.1330, 4272.1330),
(142, 1, 47, 1, 1.4200, '2024-09-06', '2024-10-09', 1, 0, 1, 343.9666, 1.4200, 343.9666, 473.9666),
(143, 1, 47, 1, 1.4200, '2024-09-06', '2024-10-10', 1, 0, 1, 343.9666, 1.4200, 343.9666, 473.9666),
(144, 1, 56, 1, 4.6700, '2024-09-06', '2024-09-30', 1, 0, 0, 1131.2141, 4.6700, 1131.2141, 1131.2141),
(145, 1, 56, 1, 4.6700, '2024-09-06', '2024-09-30', 1, 0, 0, 1131.2141, 4.6700, 1131.2141, 1131.2141),
(146, 1, 102, 1, 11.2300, '2024-09-07', '2024-09-29', 1, 0, 0, 2720.2429, 11.2300, 2720.2429, 2720.2429),
(147, 1, 103, 1, 4.4200, '2024-09-12', '2024-10-03', 1, 0, 1, 1084.4470, 4.4200, 1084.4470, 1214.4470),
(148, 1, 103, 1, 4.4200, '2024-09-12', '2024-10-03', 1, 0, 1, 1084.4470, 4.4200, 1084.4470, 1214.4470),
(149, 1, 103, 1, 4.4200, '2024-09-12', '2024-10-03', 1, 0, 1, 1084.4470, 4.4200, 1084.4470, 1214.4470),
(150, 1, 104, 1, 4.3000, '2024-09-16', '2024-10-10', 1, 0, 1, 1048.0820, 4.3000, 1048.0820, 1178.0820),
(151, 1, 104, 1, 4.3000, '2024-09-16', '2024-10-10', 1, 0, 1, 1048.0820, 4.3000, 1048.0820, 1178.0820),
(152, 1, 23, 1, 5.8200, '2024-09-19', '2024-10-21', 1, 0, 0, 1418.5668, 5.8200, 1418.5668, 1418.5668),
(153, 1, 105, 1, 11.8300, '2024-09-19', '2024-10-10', 1, 0, 1, 2883.4442, 11.8300, 2883.4442, 3013.4442),
(154, 1, 106, 1, 8.4200, '2024-10-01', '2024-10-21', 1, 0, 0, 2052.2908, 8.4200, 2052.2908, 2052.2908),
(155, 1, 106, 1, 8.4200, '2024-10-01', '2024-10-21', 1, 0, 0, 2052.2908, 8.4200, 2052.2908, 2052.2908),
(156, 1, 106, 1, 8.4200, '2024-10-01', '2024-10-21', 1, 0, 0, 2052.2908, 8.4200, 2052.2908, 2052.2908),
(157, 1, 106, 1, 8.4200, '2024-10-01', '2024-10-21', 1, 0, 0, 2052.2908, 8.4200, 2052.2908, 2052.2908),
(158, 1, 107, 1, 16.5600, '2024-10-05', '2024-11-01', 1, 0, 1, 4014.3096, 16.5600, 4014.3096, 4144.3096),
(159, 2, 55, 1, 0.0900, '2024-10-05', '2024-10-01', 1, 1, 0, 21.8169, 0.0900, 21.8169, 21.8169),
(160, 1, 23, 1, 5.5000, '2024-10-06', '2024-10-24', 1, 0, 0, 1333.2550, 5.5000, 1333.2550, 1333.2550),
(161, 1, 47, 1, 1.3100, '2024-10-06', '2024-11-25', 1, 0, 1, 317.5571, 1.3100, 317.5571, 447.5571),
(162, 1, 108, 1, 8.7700, '2024-10-06', '2024-10-01', 1, 0, 1, 2125.9357, 8.7700, 2125.9357, 2255.9357),
(163, 1, 108, 1, 8.7700, '2024-10-06', '2024-11-01', 1, 0, 1, 2125.9357, 8.7700, 2125.9357, 2255.9357),
(164, 1, 109, 1, 20.6800, '2024-10-07', '2024-10-01', 1, 0, 1, 5013.0388, 20.6800, 5013.0388, 5143.0388),
(165, 3, 110, 1, 6.6500, '2024-10-19', '2024-11-03', 1, 0, 0, 1612.0265, 6.6500, 1612.0265, 1612.0265),
(166, 2, 111, 1, 1.5600, '2024-10-19', '2024-11-27', 1, 1, 1, 378.1596, 1.5600, 378.1596, 508.1596),
(167, 1, 99, 1, 2.4000, '2024-10-22', '2024-11-25', 1, 0, 1, 581.7840, 2.4000, 581.7840, 711.7840),
(168, 1, 99, 1, 2.4000, '2024-10-22', '2024-11-25', 1, 0, 1, 581.7840, 2.4000, 581.7840, 711.7840),
(169, 2, 112, 1, 0.0900, '2024-11-03', '2024-11-27', 1, 1, 1, 21.8169, 0.0900, 21.8169, 151.8169),
(170, 1, 103, 1, 4.7100, '2024-11-04', '2024-11-18', 1, 0, 0, 1141.7511, 4.7100, 1141.7511, 1141.7511),
(171, 1, 103, 1, 4.7100, '2024-11-04', '2024-11-25', 1, 0, 0, 1141.7511, 4.7100, 1141.7511, 1141.7511),
(172, 1, 23, 1, 3.8400, '2024-11-04', '2024-11-18', 1, 0, 0, 930.8544, 3.8400, 930.8544, 930.8544),
(173, 1, 105, 1, 12.3000, '2024-11-04', '2024-11-18', 1, 0, 0, 2981.6430, 12.3000, 2981.6430, 2981.6430),
(174, 1, 113, 1, 2.9000, '2024-11-06', '2024-11-25', 1, 0, 1, 702.9890, 2.9000, 702.9890, 832.9890),
(175, 1, 113, 1, 2.9000, '2024-11-06', '2024-11-27', 1, 0, 1, 702.9890, 2.9000, 702.9890, 832.9890),
(177, 1, 114, 1, 3.3800, '2024-11-06', '2024-11-25', 1, 0, 0, 819.3458, 3.3800, 819.3458, 819.3458),
(178, 1, 114, 1, 3.3800, '2024-11-06', '2024-11-27', 1, 0, 0, 819.3458, 3.3800, 819.3458, 819.3458),
(179, 1, 115, 1, 2.8900, '2024-11-06', '2024-12-02', 1, 0, 1, 700.5649, 2.8900, 700.5649, 830.5649),
(180, 1, 115, 1, 2.8900, '2024-11-06', '2024-12-02', 1, 0, 1, 700.5649, 2.8900, 700.5649, 830.5649),
(181, 1, 116, 1, 8.6300, '2024-11-07', '2024-11-27', 1, 0, 0, 2085.0943, 8.6300, 2085.0943, 2085.0943),
(182, 1, 116, 1, 8.6300, '2024-11-07', '2024-11-28', 1, 0, 0, 2085.0943, 8.6300, 2085.0943, 2085.0943),
(183, 1, 116, 1, 8.6300, '2024-11-07', '2024-11-28', 1, 0, 0, 2085.0943, 8.6300, 2085.0943, 2085.0943),
(184, 1, 117, 1, 8.1200, '2024-11-08', '2024-11-27', 1, 0, 0, 1961.8732, 8.1200, 1961.8732, 1961.8732),
(185, 1, 118, 1, 16.9800, '2024-11-11', '2024-11-30', 1, 0, 1, 4102.5378, 16.9800, 4102.5378, 4232.5378),
(186, 1, 117, 1, 6.7500, '2024-11-11', '2024-11-27', 1, 0, 0, 1630.8675, 6.7500, 1630.8675, 1630.8675),
(187, 1, 106, 1, 8.8900, '2024-11-11', '2024-12-03', 1, 0, 0, 2147.9129, 8.8900, 2147.9129, 2147.9129),
(188, 1, 106, 1, 8.8900, '2024-11-11', '2024-12-03', 1, 0, 0, 2147.9129, 8.8900, 2147.9129, 2147.9129),
(189, 1, 119, 1, 44.6300, '2024-11-11', '2024-11-30', 1, 0, 1, 10783.0543, 44.6300, 10783.0543, 10913.0543),
(190, 1, 120, 1, 8.5900, '2024-11-11', '2024-11-30', 1, 0, 1, 2075.4299, 8.5900, 2075.4299, 2205.4299),
(191, 1, 120, 1, 8.5900, '2024-11-11', '2024-11-30', 1, 0, 1, 2075.4299, 8.5900, 2075.4299, 2205.4299),
(192, 1, 120, 1, 8.5900, '2024-11-11', '2024-11-30', 1, 0, 1, 2075.4299, 8.5900, 2075.4299, 2205.4299),
(193, 1, 121, 1, 7.8200, '2024-11-11', '2024-11-27', 1, 0, 1, 1889.3902, 7.8200, 1889.3902, 2019.3902),
(194, 1, 120, 1, 7.6600, '2024-11-12', '2024-12-02', 1, 0, 1, 1850.7326, 7.6600, 1850.7326, 1980.7326),
(195, 1, 120, 1, 7.6600, '2024-11-12', '2024-12-02', 1, 0, 1, 1850.7326, 7.6600, 1850.7326, 1980.7326),
(196, 1, 122, 1, 11.1400, '2024-11-12', '2024-12-03', 2, 0, 0, 2691.5354, 5.5700, 1345.7677, 1345.7677),
(197, 1, 120, 1, 7.6700, '2024-11-13', '2024-12-12', 1, 0, 1, 1853.1487, 7.6700, 1853.1487, 1983.1487),
(198, 2, 84, 1, 9.4600, '2024-11-13', '2024-12-01', 1, 0, 1, 2285.6306, 9.4600, 2285.6306, 2415.6306),
(199, 1, 120, 1, 7.7900, '2024-11-14', '2024-12-15', 1, 0, 1, 1882.1419, 7.7900, 1882.1419, 2012.1419),
(200, 1, 102, 1, 13.2900, '2024-11-15', '2024-12-04', 1, 0, 0, 3210.9969, 13.2900, 3210.9969, 3210.9969),
(201, 1, 123, 1, 10.8500, '2024-11-15', '2024-12-04', 1, 0, 0, 2621.4685, 10.8500, 2621.4685, 2621.4685),
(202, 2, 124, 1, 2.9000, '2024-11-16', '2024-12-31', 1, 1, 0, 700.6690, 2.9000, 700.6690, 700.6690),
(203, 1, 86, 1, 16.7800, '2024-11-16', '2024-12-04', 1, 0, 0, 4054.2158, 16.7800, 4054.2158, 4054.2158),
(204, 1, 102, 1, 13.5100, '2024-11-16', '2024-12-10', 1, 0, 0, 3264.1511, 13.5100, 3264.1511, 3264.1511),
(205, 1, 102, 1, 13.3000, '2024-11-16', '2024-12-10', 1, 0, 0, 3213.4130, 13.3000, 3213.4130, 3213.4130),
(206, 1, 121, 1, 5.4400, '2024-11-16', '2024-11-27', 1, 0, 0, 1314.3584, 5.4400, 1314.3584, 1314.3584),
(207, 1, 106, 1, 7.7800, '2024-11-22', '2024-12-15', 1, 0, 0, 1879.7258, 7.7800, 1879.7258, 1879.7258),
(208, 1, 106, 1, 7.7800, '2024-11-22', '2024-12-15', 1, 0, 0, 1879.7258, 7.7800, 1879.7258, 1879.7258),
(209, 1, 125, 1, 10.9400, '2024-11-22', '2024-12-10', 1, 0, 0, 2643.2134, 10.9400, 2643.2134, 2643.2134),
(210, 1, 116, 1, 6.4500, '2024-11-22', '2024-12-15', 1, 0, 0, 1558.3845, 6.4500, 1558.3845, 1558.3845),
(211, 1, 116, 1, 6.4500, '2024-11-22', '2024-12-21', 1, 0, 0, 1558.3845, 6.4500, 1558.3845, 1558.3845),
(212, 1, 126, 1, 3.7900, '2024-11-23', '2024-12-15', 1, 0, 0, 915.7019, 3.7900, 915.7019, 915.7019),
(213, 1, 126, 1, 3.7900, '2024-11-23', '2024-12-15', 1, 0, 0, 915.7019, 3.7900, 915.7019, 915.7019),
(214, 1, 48, 1, 12.1800, '2024-11-24', '2024-12-12', 1, 0, 0, 2942.8098, 12.1800, 2942.8098, 2942.8098),
(215, 1, 105, 1, 9.8500, '2024-11-24', '2024-12-12', 1, 0, 0, 2379.8585, 9.8500, 2379.8585, 2379.8585),
(216, 2, 127, 1, 8.3500, '2024-11-26', '2024-12-12', 1, 1, 0, 2017.4435, 8.3500, 2017.4435, 2017.4435),
(217, 2, 128, 1, 22.2800, '2024-11-28', '2024-12-15', 1, 1, 0, 5383.0708, 22.2800, 5383.0708, 5383.0708),
(218, 2, 129, 1, 0.5600, '2024-11-28', '2024-12-15', 1, 1, 1, 135.3016, 0.5600, 135.3016, 265.3016),
(219, 1, 117, 1, 7.9400, '2024-12-02', '2024-12-30', 1, 0, 0, 1918.3834, 7.9400, 1918.3834, 1918.3834),
(220, 2, 130, 1, 7.4600, '2024-12-01', '2024-12-14', 1, 1, 0, 1802.4106, 7.4600, 1802.4106, 1802.4106),
(221, 2, 131, 1, 6.3100, '2024-12-01', '2024-12-14', 1, 1, 0, 1524.5591, 6.3100, 1524.5591, 1524.5591),
(222, 1, 103, 1, 4.0600, '2024-12-01', '2024-12-20', 2, 0, 0, 980.9366, 2.0300, 490.4683, 490.4683),
(223, 1, 132, 1, 3.4000, '2024-12-22', '2025-01-22', 2, 0, 1, 821.4740, 1.7000, 410.7370, 475.7370),
(224, 1, 133, 1, 1.8400, '2024-12-22', '2025-01-22', 1, 0, 0, 444.5624, 1.8400, 444.5624, 444.5624),
(225, 1, 47, 1, 6.0600, '2025-01-11', '2025-02-06', 3, 0, 1, 1464.1566, 2.0200, 488.0522, 531.3855),
(226, 1, 20, 1, 15.6700, '2025-01-20', '2025-02-04', 1, 0, 0, 3917.5000, 15.6700, 3917.5000, 3917.5000),
(227, 1, 20, 1, 15.6700, '2025-01-20', '2025-02-06', 1, 0, 0, 3917.5000, 15.6700, 3917.5000, 3917.5000),
(228, 1, 106, 1, 8.0500, '2025-01-20', '2025-02-04', 1, 0, 0, 2012.5000, 8.0500, 2012.5000, 2012.5000),
(229, 1, 106, 1, 8.0500, '2025-01-20', '2025-02-04', 1, 0, 0, 2012.5000, 8.0500, 2012.5000, 2012.5000),
(230, 1, 106, 1, 8.0500, '2025-01-20', '2025-02-04', 1, 0, 0, 2012.5000, 8.0500, 2012.5000, 2012.5000),
(231, 1, 106, 1, 8.0500, '2025-01-20', '2025-02-04', 1, 0, 0, 2012.5000, 8.0500, 2012.5000, 2012.5000),
(232, 1, 106, 1, 8.0500, '2025-01-20', '2025-02-06', 1, 0, 0, 2012.5000, 8.0500, 2012.5000, 2012.5000),
(233, 1, 134, 1, 10.6200, '2025-01-20', '2025-02-06', 1, 0, 1, 2655.0000, 10.6200, 2655.0000, 2785.0000),
(234, 1, 84, 1, 8.0900, '2025-01-20', '2025-02-04', 1, 0, 0, 2022.5000, 8.0900, 2022.5000, 2022.5000),
(235, 1, 84, 1, 8.0900, '2025-01-20', '2025-02-04', 1, 1, 0, 2022.5000, 8.0900, 2022.5000, 2022.5000),
(236, 1, 135, 1, 8.0700, '2025-01-20', '2025-02-04', 1, 0, 0, 2017.5000, 8.0700, 2017.5000, 2017.5000),
(237, 1, 121, 1, 7.6500, '2025-01-20', '2025-02-04', 1, 0, 0, 1912.5000, 7.6500, 1912.5000, 1912.5000),
(238, 1, 121, 1, 7.6500, '2025-01-20', '2025-02-04', 1, 0, 0, 1912.5000, 7.6500, 1912.5000, 1912.5000),
(239, 1, 120, 1, 8.6700, '2025-01-20', '2025-02-16', 1, 0, 1, 2167.5000, 8.6700, 2167.5000, 2297.5000),
(240, 1, 120, 1, 8.6700, '2025-01-20', '2025-02-16', 1, 0, 1, 2167.5000, 8.6700, 2167.5000, 2297.5000),
(241, 1, 120, 1, 8.6700, '2025-01-20', '2025-02-23', 1, 0, 1, 2167.5000, 8.6700, 2167.5000, 2297.5000),
(242, 1, 120, 1, 8.6700, '2025-01-20', '2025-03-02', 1, 0, 1, 2167.5000, 8.6700, 2167.5000, 2297.5000),
(243, 1, 120, 1, 8.6700, '2025-01-20', '2025-03-02', 1, 0, 1, 2167.5000, 8.6700, 2167.5000, 2297.5000),
(244, 1, 23, 1, 7.0400, '2025-01-20', '2025-02-04', 1, 0, 0, 1760.0000, 7.0400, 1760.0000, 1760.0000),
(245, 1, 23, 1, 7.0400, '2025-01-20', '2025-02-06', 1, 0, 0, 1760.0000, 7.0400, 1760.0000, 1760.0000),
(246, 1, 23, 1, 7.0400, '2025-01-20', '2025-02-06', 1, 0, 0, 1760.0000, 7.0400, 1760.0000, 1760.0000),
(247, 1, 136, 1, 6.1600, '2025-01-21', '2025-02-04', 1, 0, 0, 1540.0000, 6.1600, 1540.0000, 1540.0000),
(248, 1, 136, 1, 6.1600, '2025-01-21', '2025-02-04', 1, 1, 0, 1540.0000, 6.1600, 1540.0000, 1540.0000),
(249, 1, 20, 1, 15.4600, '2025-01-22', '2025-02-06', 1, 0, 0, 3865.0000, 15.4600, 3865.0000, 3865.0000),
(250, 1, 20, 1, 15.4600, '2025-01-22', '2025-02-06', 1, 0, 0, 3865.0000, 15.4600, 3865.0000, 3865.0000),
(251, 1, 117, 1, 7.0200, '2025-01-22', '2025-02-06', 1, 0, 0, 1755.0000, 7.0200, 1755.0000, 1755.0000),
(252, 1, 117, 1, 7.0200, '2025-01-22', '2025-02-06', 1, 0, 0, 1755.0000, 7.0200, 1755.0000, 1755.0000),
(253, 1, 116, 1, 9.5700, '2025-01-22', '2025-02-06', 1, 0, 0, 2392.5000, 9.5700, 2392.5000, 2392.5000),
(254, 1, 137, 1, 10.5300, '2025-01-22', '2025-02-04', 1, 0, 0, 2632.5000, 10.5300, 2632.5000, 2632.5000),
(255, 1, 138, 1, 5.8700, '2025-01-22', '2025-02-06', 1, 0, 0, 1467.5000, 5.8700, 1467.5000, 1467.5000),
(256, 1, 138, 1, 5.8700, '2025-01-22', '2025-02-06', 1, 0, 0, 1467.5000, 5.8700, 1467.5000, 1467.5000),
(257, 1, 139, 1, 1.8400, '2025-01-23', '2025-02-06', 1, 1, 0, 460.0000, 1.8400, 460.0000, 460.0000),
(258, 1, 97, 1, 4.4000, '2025-01-24', '2025-02-06', 1, 0, 0, 1100.0000, 4.4000, 1100.0000, 1100.0000),
(259, 2, 97, 1, 4.4000, '2025-01-24', '2025-02-06', 1, 1, 0, 1100.0000, 4.4000, 1100.0000, 1100.0000),
(260, 1, 140, 1, 0.4500, '2025-01-24', '2025-02-22', 1, 0, 1, 112.5000, 0.4500, 112.5000, 242.5000),
(261, 1, 140, 1, 0.4200, '2025-01-24', '2025-02-22', 1, 1, 1, 105.0000, 0.4200, 105.0000, 235.0000),
(262, 1, 140, 1, 0.4200, '2025-01-24', '2025-02-22', 1, 1, 0, 105.0000, 0.4200, 105.0000, 105.0000),
(263, 1, 141, 1, 5.3600, '2025-01-24', '2025-02-06', 1, 0, 0, 1340.0000, 5.3600, 1340.0000, 1340.0000),
(264, 2, 142, 1, 1.4800, '2025-01-24', '2025-02-23', 1, 1, 1, 370.0000, 1.4800, 370.0000, 500.0000),
(265, 1, 106, 1, 6.8700, '2025-01-24', '2025-02-11', 1, 0, 0, 1717.5000, 6.8700, 1717.5000, 1717.5000),
(266, 1, 106, 1, 6.8700, '2025-01-24', '2025-02-11', 1, 1, 0, 1717.5000, 6.8700, 1717.5000, 1717.5000),
(267, 1, 103, 1, 2.8600, '2025-01-24', '2025-02-06', 1, 0, 0, 715.0000, 2.8600, 715.0000, 715.0000),
(268, 1, 103, 1, 2.8600, '2025-01-24', '2025-02-06', 1, 0, 0, 715.0000, 2.8600, 715.0000, 715.0000),
(269, 1, 143, 1, 0.4000, '2025-01-24', '2025-02-22', 1, 1, 0, 100.0000, 0.4000, 100.0000, 100.0000),
(270, 1, 143, 1, 0.4000, '2025-01-24', '2025-02-22', 1, 1, 0, 100.0000, 0.4000, 100.0000, 100.0000),
(271, 1, 23, 1, 5.8000, '2025-01-24', '2025-02-11', 1, 0, 0, 1450.0000, 5.8000, 1450.0000, 1450.0000),
(272, 1, 23, 1, 5.8000, '2025-01-24', '2025-02-11', 1, 0, 0, 1450.0000, 5.8000, 1450.0000, 1450.0000),
(273, 1, 84, 1, 6.6000, '2025-01-26', '2025-02-11', 1, 1, 0, 1650.0000, 6.6000, 1650.0000, 1650.0000),
(274, 1, 135, 1, 6.6000, '2025-01-26', '2025-02-11', 1, 0, 0, 1650.0000, 6.6000, 1650.0000, 1650.0000),
(275, 1, 54, 1, 3.3600, '2025-01-26', '2025-02-11', 1, 0, 0, 840.0000, 3.3600, 840.0000, 840.0000),
(276, 1, 54, 1, 3.3600, '2025-01-26', '2025-02-11', 1, 0, 0, 840.0000, 3.3600, 840.0000, 840.0000),
(277, 1, 102, 1, 14.8800, '2025-01-28', '2025-02-13', 1, 0, 0, 3720.0000, 14.8800, 3720.0000, 3720.0000),
(278, 1, 104, 1, 3.4200, '2025-01-28', '2025-02-11', 1, 0, 0, 855.0000, 3.4200, 855.0000, 855.0000),
(279, 1, 104, 1, 3.4200, '2025-01-28', '2025-02-11', 1, 0, 0, 855.0000, 3.4200, 855.0000, 855.0000),
(280, 1, 144, 1, 18.4200, '2025-01-28', '2025-02-11', 1, 0, 0, 4605.0000, 18.4200, 4605.0000, 4605.0000),
(281, 1, 145, 1, 3.2000, '2025-01-30', '2025-02-11', 1, 0, 0, 800.0000, 3.2000, 800.0000, 800.0000),
(282, 1, 145, 1, 3.2000, '2025-01-30', '2025-02-11', 1, 0, 0, 800.0000, 3.2000, 800.0000, 800.0000),
(283, 1, 146, 1, 13.4200, '2025-01-30', '2025-02-17', 1, 0, 0, 3355.0000, 13.4200, 3355.0000, 3355.0000),
(284, 1, 105, 1, 11.4100, '2025-01-30', '2025-02-17', 1, 0, 0, 2852.5000, 11.4100, 2852.5000, 2852.5000),
(285, 1, 105, 1, 11.4100, '2025-01-30', '2025-02-17', 1, 0, 0, 2852.5000, 11.4100, 2852.5000, 2852.5000),
(286, 1, 147, 1, 2.7900, '2025-02-01', '2025-02-13', 1, 0, 0, 697.5000, 2.7900, 697.5000, 697.5000),
(287, 1, 147, 1, 2.7900, '2025-02-01', '2025-02-13', 1, 0, 0, 697.5000, 2.7900, 697.5000, 697.5000),
(288, 1, 148, 1, 18.5700, '2025-02-01', '2025-02-11', 1, 0, 0, 4642.5000, 18.5700, 4642.5000, 4642.5000),
(289, 1, 102, 1, 14.5100, '2025-02-03', '2025-02-17', 1, 0, 0, 3627.5000, 14.5100, 3627.5000, 3627.5000),
(290, 1, 47, 1, 0.8000, '2025-02-04', '2025-02-23', 1, 1, 1, 200.0000, 0.8000, 200.0000, 330.0000),
(291, 1, 47, 1, 0.8000, '2025-02-04', '2025-02-23', 1, 1, 0, 200.0000, 0.8000, 200.0000, 200.0000),
(292, 1, 47, 1, 0.8000, '2025-02-04', '2025-03-19', 1, 1, 1, 200.0000, 0.8000, 200.0000, 330.0000),
(293, 1, 47, 1, 0.8000, '2025-02-04', '2025-03-19', 1, 1, 0, 200.0000, 0.8000, 200.0000, 200.0000),
(294, 1, 90, 1, 14.6400, '2025-02-05', '2025-02-25', 1, 0, 0, 3660.0000, 14.6400, 3660.0000, 3660.0000),
(295, 2, 149, 1, 0.1000, '2025-02-08', '2025-02-22', 1, 1, 0, 25.0000, 0.1000, 25.0000, 25.0000),
(296, 1, 150, 1, 10.9400, '2025-02-17', '2025-03-08', 1, 0, 1, 2735.0000, 10.9400, 2735.0000, 2865.0000),
(297, 1, 145, 1, 3.1700, '2025-02-20', '2025-03-08', 1, 0, 0, 792.5000, 3.1700, 792.5000, 792.5000),
(298, 1, 145, 1, 3.1700, '2025-02-20', '2025-03-08', 1, 0, 0, 792.5000, 3.1700, 792.5000, 792.5000),
(299, 1, 102, 1, 12.6700, '2025-02-22', '2025-03-10', 1, 0, 0, 3167.5000, 12.6700, 3167.5000, 3167.5000),
(300, 1, 146, 1, 12.1300, '2025-02-22', '2025-03-10', 1, 1, 0, 3032.5000, 12.1300, 3032.5000, 3032.5000),
(301, 1, 145, 1, 3.1700, '2025-02-24', '2025-03-10', 1, 0, 0, 792.5000, 3.1700, 792.5000, 792.5000),
(302, 1, 145, 1, 3.1700, '2025-02-24', '2025-03-10', 1, 0, 0, 792.5000, 3.1700, 792.5000, 792.5000),
(303, 1, 145, 1, 3.1700, '2025-02-24', '2025-03-10', 1, 0, 0, 792.5000, 3.1700, 792.5000, 792.5000),
(304, 1, 151, 1, 1.6000, '2025-02-24', '2025-03-29', 1, 1, 1, 400.0000, 1.6000, 400.0000, 530.0000),
(305, 1, 121, 1, 7.6300, '2025-03-01', '2025-03-15', 1, 0, 0, 1907.5000, 7.6300, 1907.5000, 1907.5000),
(306, 1, 121, 1, 7.6300, '2025-03-01', '2025-03-15', 1, 0, 0, 1907.5000, 7.6300, 1907.5000, 1907.5000),
(307, 1, 121, 1, 7.6300, '2025-03-01', '2025-03-15', 1, 1, 0, 1907.5000, 7.6300, 1907.5000, 1907.5000),
(308, 1, 23, 1, 6.5300, '2025-03-02', '2025-03-15', 1, 0, 0, 1632.5000, 6.5300, 1632.5000, 1632.5000),
(309, 1, 23, 1, 6.5300, '2025-03-02', '2025-03-15', 1, 1, 0, 1632.5000, 6.5300, 1632.5000, 1632.5000),
(310, 2, 152, 1, 0.5100, '2025-03-02', '2025-03-29', 1, 1, 1, 127.5000, 0.5100, 127.5000, 257.5000),
(311, 1, 153, 1, 13.5200, '2025-03-04', '2025-03-19', 1, 1, 0, 3380.0000, 13.5200, 3380.0000, 3380.0000),
(312, 1, 154, 1, 5.6500, '2025-03-04', '2025-03-15', 1, 0, 0, 1412.5000, 5.6500, 1412.5000, 1412.5000),
(313, 1, 154, 1, 5.6500, '2025-03-04', '2025-03-15', 1, 0, 0, 1412.5000, 5.6500, 1412.5000, 1412.5000),
(314, 1, 155, 1, 2.1500, '2025-03-05', '2025-03-19', 1, 0, 0, 530.7490, 2.1500, 530.7490, 530.7490),
(315, 1, 155, 1, 2.1500, '2025-03-05', '2025-03-19', 1, 1, 0, 530.7490, 2.1500, 530.7490, 530.7490),
(316, 1, 156, 1, 15.7800, '2025-03-05', '2025-03-19', 1, 0, 0, 3895.4508, 15.7800, 3895.4508, 3895.4508),
(317, 1, 156, 1, 15.7800, '2025-03-05', '2025-03-19', 1, 0, 0, 3895.4508, 15.7800, 3895.4508, 3895.4508),
(318, 1, 157, 1, 9.3000, '2025-03-11', '2025-03-28', 1, 0, 0, 2295.7980, 9.3000, 2295.7980, 2295.7980),
(319, 1, 158, 1, 3.0900, '2025-03-11', '2025-03-29', 1, 0, 1, 764.4660, 3.0900, 764.4660, 894.4660),
(320, 1, 158, 1, 3.0900, '2025-03-11', '2025-03-29', 1, 0, 0, 764.4660, 3.0900, 764.4660, 764.4660),
(321, 1, 158, 1, 3.0900, '2025-03-11', '2025-03-29', 1, 0, 0, 764.4660, 3.0900, 764.4660, 764.4660),
(322, 2, 159, 1, 0.1000, '2025-03-12', '2025-03-27', 1, 1, 0, 24.7400, 0.1000, 24.7400, 24.7400),
(323, 1, 23, 1, 0.2100, '2025-03-13', '2025-03-26', 1, 1, 0, 51.9540, 0.2100, 51.9540, 51.9540),
(324, 1, 23, 1, 5.3900, '2025-03-13', '2025-03-26', 1, 1, 0, 1333.4860, 5.3900, 1333.4860, 1333.4860),
(325, 1, 158, 1, 2.3700, '2025-03-14', '2025-04-08', 1, 0, 1, 586.3380, 2.3700, 586.3380, 716.3380),
(326, 1, 158, 1, 2.3700, '2025-03-14', '2025-04-08', 1, 0, 0, 586.3380, 2.3700, 586.3380, 586.3380),
(327, 1, 158, 1, 2.3700, '2025-03-14', '2025-04-08', 1, 1, 0, 586.3380, 2.3700, 586.3380, 586.3380),
(328, 1, 104, 1, 2.5300, '2025-03-14', '2025-03-26', 1, 0, 0, 625.9220, 2.5300, 625.9220, 625.9220),
(329, 1, 104, 1, 2.5300, '2025-03-14', '2025-03-26', 1, 0, 0, 625.9220, 2.5300, 625.9220, 625.9220),
(330, 1, 104, 1, 2.5300, '2025-03-14', '2025-03-26', 1, 0, 0, 625.9220, 2.5300, 625.9220, 625.9220),
(331, 1, 160, 1, 2.6400, '2025-03-14', '2025-03-27', 1, 0, 0, 653.1360, 2.6400, 653.1360, 653.1360),
(332, 1, 160, 1, 2.6400, '2025-03-14', '2025-03-27', 1, 0, 0, 653.1360, 2.6400, 653.1360, 653.1360),
(333, 2, 161, 1, 4.9800, '2025-03-14', '2025-03-27', 1, 1, 0, 1232.0520, 4.9800, 1232.0520, 1232.0520),
(334, 2, 162, 1, 2.1100, '2025-03-14', '2025-04-19', 1, 1, 1, 522.0140, 2.1100, 522.0140, 652.0140),
(335, 1, 102, 1, 12.2200, '2025-03-17', '2025-03-27', 1, 0, 0, 3023.2280, 12.2200, 3023.2280, 3023.2280),
(336, 1, 102, 1, 12.2200, '2025-03-17', '2025-03-27', 1, 1, 0, 3023.2280, 12.2200, 3023.2280, 3023.2280),
(337, 1, 102, 1, 12.2200, '2025-03-17', '2025-04-08', 1, 1, 0, 3023.2280, 12.2200, 3023.2280, 3023.2280),
(338, 1, 104, 1, 1.4600, '2025-03-17', '2025-03-27', 1, 0, 0, 361.2040, 1.4600, 361.2040, 361.2040),
(339, 1, 104, 1, 1.4600, '2025-03-17', '2025-03-27', 1, 0, 0, 361.2040, 1.4600, 361.2040, 361.2040),
(340, 1, 104, 1, 1.4600, '2025-03-17', '2025-03-27', 1, 0, 0, 361.2040, 1.4600, 361.2040, 361.2040),
(341, 1, 104, 1, 1.4600, '2025-03-17', '2025-03-27', 1, 0, 0, 361.2040, 1.4600, 361.2040, 361.2040),
(342, 1, 90, 1, 12.3800, '2025-03-17', '2025-04-22', 1, 0, 0, 3062.8120, 12.3800, 3062.8120, 3062.8120),
(343, 1, 20, 1, 14.3100, '2025-03-17', '2025-04-08', 1, 1, 0, 3540.2940, 14.3100, 3540.2940, 3540.2940),
(344, 1, 20, 1, 14.3100, '2025-03-17', '2025-04-22', 1, 1, 0, 3540.2940, 14.3100, 3540.2940, 3540.2940),
(345, 1, 102, 1, 11.0500, '2025-03-19', '2025-04-10', 1, 1, 0, 2733.7700, 11.0500, 2733.7700, 2733.7700),
(346, 1, 20, 1, 13.6000, '2025-03-20', '2025-04-22', 1, 1, 0, 3364.6400, 13.6000, 3364.6400, 3364.6400),
(347, 1, 125, 1, 13.1300, '2025-03-20', '2025-04-10', 1, 0, 0, 3248.3620, 13.1300, 3248.3620, 3248.3620),
(348, 1, 102, 1, 10.7400, '2025-03-21', '2025-04-22', 1, 1, 0, 2657.0760, 10.7400, 2657.0760, 2657.0760),
(349, 1, 125, 1, 11.7100, '2025-03-21', '2025-04-10', 1, 1, 0, 2897.0540, 11.7100, 2897.0540, 2897.0540),
(350, 1, 116, 1, 8.0600, '2025-03-21', '2025-04-10', 1, 0, 0, 1994.0440, 8.0600, 1994.0440, 1994.0440),
(351, 1, 116, 1, 8.0600, '2025-03-21', '2025-04-10', 1, 1, 0, 1994.0440, 8.0600, 1994.0440, 1994.0440),
(352, 2, 163, 1, 1.7100, '2025-03-22', '2025-04-08', 1, 1, 0, 423.0540, 1.7100, 423.0540, 423.0540),
(353, 1, 164, 1, 81.0700, '2025-03-23', '2025-04-10', 1, 0, 0, 20056.7180, 81.0700, 20056.7180, 20056.7180),
(354, 1, 165, 1, 3.4100, '2025-03-24', '2025-04-15', 1, 0, 0, 843.6340, 3.4100, 843.6340, 843.6340),
(355, 1, 165, 1, 3.4100, '2025-03-24', '2025-04-15', 1, 1, 0, 843.6340, 3.4100, 843.6340, 843.6340),
(356, 1, 23, 1, 4.8300, '2025-03-24', '2025-04-15', 1, 1, 0, 1194.9420, 4.8300, 1194.9420, 1194.9420),
(357, 1, 23, 1, 4.8300, '2025-03-24', '2025-04-15', 1, 1, 0, 1194.9420, 4.8300, 1194.9420, 1194.9420),
(358, 1, 120, 1, 6.9000, '2025-03-25', '2025-04-10', 1, 0, 1, 1707.0600, 6.9000, 1707.0600, 1837.0600),
(359, 1, 120, 1, 6.9000, '2025-03-25', '2025-04-10', 1, 0, 0, 1707.0600, 6.9000, 1707.0600, 1707.0600),
(360, 1, 120, 1, 6.9000, '2025-03-25', '2025-04-19', 1, 0, 1, 1707.0600, 6.9000, 1707.0600, 1837.0600),
(361, 1, 120, 1, 6.9900, '2025-03-28', '2025-04-19', 1, 0, 1, 1726.8096, 6.9900, 1726.8096, 1856.8096),
(362, 1, 120, 1, 6.9900, '2025-03-28', '2025-04-26', 1, 0, 1, 1726.8096, 6.9900, 1726.8096, 1856.8096),
(363, 1, 105, 1, 10.3400, '2025-04-01', '2025-04-22', 1, 0, 0, 2554.3936, 10.3400, 2554.3936, 2554.3936),
(364, 1, 105, 1, 10.3400, '2025-04-01', '2025-04-26', 1, 0, 0, 2554.3936, 10.3400, 2554.3936, 2554.3936),
(365, 1, 166, 1, 16.6300, '2025-04-07', '2025-04-26', 1, 1, 0, 4108.2752, 16.6300, 4108.2752, 4108.2752),
(366, 1, 167, 1, 13.9200, '2025-04-09', '2025-04-29', 1, 0, 0, 3438.7968, 13.9200, 3438.7968, 3438.7968),
(367, 2, 168, 1, 1.5900, '2025-04-09', '2025-05-11', 1, 1, 1, 392.7936, 1.5900, 392.7936, 522.7936),
(368, 1, 168, 1, 1.5900, '2025-04-09', '2025-05-08', 1, 1, 1, 392.7936, 1.5900, 392.7936, 522.7936),
(369, 1, 104, 1, 2.1500, '2025-04-11', '2025-04-26', 1, 1, 0, 531.1360, 2.1500, 531.1360, 531.1360),
(370, 1, 104, 1, 2.1500, '2025-04-11', '2025-04-26', 1, 1, 0, 531.1360, 2.1500, 531.1360, 531.1360),
(371, 2, 169, 1, 62.8300, '2025-04-12', '2025-05-04', 1, 1, 0, 15521.5232, 62.8300, 15521.5232, 15521.5232),
(372, 1, 145, 1, 2.5000, '2025-04-13', '2025-05-04', 1, 0, 0, 617.6000, 2.5000, 617.6000, 617.6000),
(373, 1, 145, 1, 2.5000, '2025-04-13', '2025-05-04', 1, 1, 0, 617.6000, 2.5000, 617.6000, 617.6000),
(374, 1, 170, 1, 17.4000, '2025-04-14', '2025-05-04', 1, 0, 0, 4298.4960, 17.4000, 4298.4960, 4298.4960),
(375, 1, 171, 1, 16.7200, '2025-04-15', '2025-05-04', 1, 0, 0, 4130.5088, 16.7200, 4130.5088, 4130.5088),
(376, 1, 172, 1, 1.6900, '2025-04-14', '2025-04-29', 1, 1, 1, 417.4976, 1.6900, 417.4976, 547.4976),
(377, 1, 173, 1, 6.3100, '2025-04-16', '2025-05-08', 1, 0, 0, 1558.8224, 6.3100, 1558.8224, 1558.8224),
(378, 2, 174, 1, 2.6400, '2025-04-18', '2025-05-08', 1, 1, 1, 652.1856, 2.6400, 652.1856, 782.1856),
(379, 1, 175, 1, 14.6400, '2025-04-20', '2025-05-15', 1, 1, 1, 3616.6656, 14.6400, 3616.6656, 3746.6656),
(380, 2, 176, 1, 3.6300, '2025-04-22', '2025-05-17', 1, 1, 1, 896.7552, 3.6300, 896.7552, 1026.7552),
(381, 1, 144, 1, 15.7100, '2025-04-23', '2025-05-14', 1, 1, 0, 3880.9984, 15.7100, 3880.9984, 3880.9984),
(382, 1, 144, 1, 15.7100, '2025-04-23', '2025-05-14', 1, 1, 0, 3880.9984, 15.7100, 3880.9984, 3880.9984),
(383, 2, 177, 1, 1.5700, '2025-04-23', '2025-05-15', 1, 1, 1, 387.8528, 1.5700, 387.8528, 517.8528),
(384, 2, 178, 1, 0.4000, '2025-04-23', '2025-05-14', 1, 1, 1, 98.8160, 0.4000, 98.8160, 228.8160),
(385, 2, 179, 1, 2.0000, '2025-04-24', '2025-05-14', 1, 1, 1, 494.0800, 2.0000, 494.0800, 624.0800),
(386, 1, 180, 1, 9.2800, '2025-05-01', NULL, 1, NULL, NULL, 2292.5312, 9.2800, 2292.5312, 2292.5312),
(387, 2, 181, 1, 0.8900, '2025-05-05', '2025-05-21', 1, 1, 0, 219.8656, 0.8900, 219.8656, 219.8656),
(388, 1, 182, 1, 1.7400, '2025-05-06', '2025-05-25', 3, 3, 1, 429.8496, 0.5800, 143.2832, 186.6165),
(389, 2, 183, 1, 6.0100, '2025-05-07', '2025-05-25', 1, 1, 0, 1484.7104, 6.0100, 1484.7104, 1484.7104),
(390, 1, 184, 1, 2.8200, '2025-05-11', '2025-07-01', 1, 1, 1, 696.6528, 2.8200, 696.6528, 826.6528),
(391, 1, 184, 1, 2.8200, '2025-05-11', '2025-09-19', 1, 1, 0, 696.6528, 2.8200, 696.6528, 696.6528),
(392, 1, 184, 1, 2.8200, '2025-05-11', '2025-07-20', 1, 1, 1, 696.6528, 2.8200, 696.6528, 826.6528),
(393, 2, 185, 1, 58.5200, '2025-05-13', '2025-09-19', 1, 1, 0, 14456.7808, 58.5200, 14456.7808, 14456.7808),
(394, 1, 186, 1, 7.5900, '2025-05-22', '2025-09-19', 3, 1, 0, 1875.0336, 2.5300, 625.0112, 625.0112),
(395, 1, 81, 1, 7.3400, '2025-09-19', NULL, 4, NULL, NULL, 1812.9800, 1.8300, 453.2450, 453.2450);

-- --------------------------------------------------------

--
-- Structure de la table `commande`
--

DROP TABLE IF EXISTS `commande`;
CREATE TABLE IF NOT EXISTS `commande` (
  `id_cde` int NOT NULL,
  `date_cde` date NOT NULL,
  `mnt_cde` decimal(10,4) NOT NULL,
  PRIMARY KEY (`id_cde`)
) ENGINE=InnoDB DEFAULT CHARSET=utf8mb4 COLLATE=utf8mb4_unicode_ci;

--
-- Déchargement des données de la table `commande`
--

INSERT INTO `commande` (`id_cde`, `date_cde`, `mnt_cde`) VALUES
(1, '2023-12-01', 1500.0000),
(2, '2023-12-01', 4000.0000),
(3, '2024-02-07', 3000.0000),
(4, '2024-02-06', 5600.0000),
(5, '2024-03-11', 4650.0000),
(6, '2024-03-09', 3800.0000),
(7, '2024-04-28', 7000.0000),
(8, '2024-03-01', 4000.0000),
(9, '2024-03-01', 5000.0000),
(10, '2024-03-01', 3000.0000),
(11, '2024-03-01', 4000.0000),
(12, '2024-04-22', 1400.0000),
(13, '2024-04-22', 3400.0000),
(14, '2024-05-01', 5000.0000),
(15, '2024-06-14', 4550.0000),
(16, '2024-06-01', 8500.0000),
(17, '2024-07-15', 1400.0000),
(18, '2024-07-20', 1200.0000),
(19, '2024-07-22', 1200.0000),
(20, '2024-08-01', 3400.0000),
(21, '2024-08-26', 3300.0000),
(22, '2024-08-31', 3000.0000),
(23, '2024-07-31', 1800.0000),
(24, '2024-07-31', 2400.0000),
(25, '2024-07-31', 24100.0000),
(26, '2024-07-07', 13700.0000),
(27, '2024-07-07', 7500.0000),
(28, '2024-07-07', 5600.0000),
(29, '2024-07-07', 11000.0000),
(30, '2024-07-31', 1800.0000),
(31, '2024-07-01', 6000.0000),
(32, '2024-07-06', 5000.0000),
(33, '2024-07-06', 4200.0000),
(34, '2024-07-11', 2700.0000),
(35, '2024-07-25', 6000.0000),
(36, '2024-07-14', 5000.0000),
(37, '2024-07-31', 12000.0000),
(38, '2024-08-01', 4000.0000),
(39, '2024-08-01', 23100.0000),
(40, '2024-08-01', 4000.0000),
(41, '2024-08-01', 3200.0000),
(42, '2024-08-26', 2000.0000),
(43, '2024-09-05', 2000.0000),
(44, '2024-08-01', 15500.0000),
(45, '2024-08-01', 7650.0000),
(46, '2024-07-29', 10500.0000),
(47, '2024-08-11', 4000.0000),
(48, '2024-08-31', 17800.0000),
(49, '2024-08-31', 7000.0000),
(50, '2024-04-01', 1500.0000),
(51, '2024-10-01', 5500.0000),
(52, '2024-10-01', 7000.0000),
(53, '2024-10-01', 8500.0000),
(54, '2024-10-01', 7500.0000),
(55, '2024-10-03', 6000.0000),
(56, '2024-10-07', 2000.0000),
(57, '2024-10-16', 4700.0000),
(58, '2024-10-19', 4700.0000),
(59, '2024-10-24', 5000.0000),
(60, '2024-10-26', 2000.0000),
(61, '2024-10-29', 9000.0000),
(62, '2024-10-31', 6000.0000),
(63, '2024-11-07', 6500.0000),
(64, '2024-11-07', 2000.0000),
(65, '2024-11-02', 7800.0000),
(66, '2024-11-02', 4300.0000),
(67, '2024-11-01', 8000.0000),
(68, '2024-11-01', 7500.0000),
(69, '2024-11-21', 3700.0000),
(70, '2024-11-25', 3800.0000),
(71, '2024-11-26', 2500.0000),
(72, '2024-11-29', 4500.0000),
(73, '2024-11-28', 4000.0000),
(74, '2024-12-03', 3800.0000),
(75, '2024-12-03', 4000.0000),
(76, '2024-11-13', 2000.0000),
(77, '2024-12-04', 3800.0000),
(78, '2024-12-05', 10500.0000),
(79, '2024-03-01', 8000.0000),
(80, '2024-12-06', 7500.0000),
(81, '2024-12-09', 2500.0000),
(82, '2024-12-11', 2500.0000),
(83, '2024-12-11', 1800.0000),
(84, '2024-12-13', 3800.0000),
(85, '2024-12-14', 14800.0000),
(86, '2024-12-18', 6000.0000),
(87, '2024-12-21', 3500.0000),
(88, '2024-12-21', 1600.0000),
(89, '2024-12-17', 3000.0000),
(90, '2024-12-15', 8500.0000),
(91, '2024-12-15', 4200.0000),
(92, '2024-12-18', 5500.0000),
(93, '2024-12-18', 1800.0000),
(94, '2024-12-22', 6700.0000),
(95, '2024-12-23', 3000.0000),
(96, '2024-12-23', 3800.0000),
(97, '2024-12-24', 6500.0000),
(98, '2024-12-25', 4200.0000),
(99, '2024-12-28', 2000.0000),
(100, '2024-12-31', 1800.0000),
(101, '2025-01-01', 1800.0000),
(102, '2025-01-01', 5000.0000),
(103, '2024-12-29', 3900.0000),
(104, '2025-01-06', 6500.0000),
(105, '2025-01-05', 4000.0000),
(106, '2025-01-08', 4000.0000),
(107, '2025-01-09', 3800.0000),
(108, '2025-01-09', 3800.0000),
(109, '2025-01-11', 6000.0000),
(110, '2025-01-11', 4000.0000),
(111, '2025-01-11', 4000.0000),
(112, '2025-01-16', 15000.0000),
(113, '2025-01-18', 4000.0000),
(114, '2025-01-18', 5500.0000),
(115, '2025-01-21', 5500.0000),
(116, '2025-01-25', 2250.0000),
(117, '2025-01-27', 5300.0000),
(118, '2025-01-27', 4400.0000),
(119, '2025-01-29', 3800.0000),
(120, '2025-02-02', 2500.0000),
(121, '2025-02-08', 2500.0000),
(122, '2025-02-09', 6300.0000),
(123, '2025-02-13', 3750.0000),
(124, '2025-02-15', 1700.0000),
(125, '2025-02-15', 3700.0000),
(126, '2025-02-16', 2350.0000),
(127, '2025-02-16', 2300.0000),
(128, '2025-02-16', 1650.0000),
(129, '2025-02-17', 4500.0000),
(130, '2025-02-17', 2400.0000),
(131, '2025-02-20', 4000.0000),
(132, '2025-02-20', 2000.0000),
(133, '2025-02-20', 2000.0000),
(134, '2025-02-23', 3800.0000),
(135, '2025-02-23', 8000.0000),
(136, '2025-02-23', 5800.0000),
(137, '2025-02-24', 2000.0000),
(138, '2025-02-24', 2450.0000),
(139, '2025-02-24', 2000.0000),
(140, '2025-02-24', 7000.0000),
(141, '2025-02-26', 25900.0000),
(142, '2025-02-22', 5800.0000),
(143, '2025-02-26', 3500.0000),
(144, '2025-02-26', 4000.0000),
(145, '2025-02-26', 3600.0000),
(146, '2025-02-26', 2300.0000),
(147, '2025-02-27', 4000.0000),
(148, '2025-02-27', 12500.0000),
(149, '2025-03-02', 1800.0000),
(150, '2025-03-02', 5800.0000),
(151, '2025-03-03', 3750.0000),
(152, '2025-03-03', 8500.0000),
(153, '2025-03-05', 10500.0000),
(154, '2025-03-08', 1700.0000),
(155, '2025-03-08', 5500.0000),
(156, '2025-03-09', 5550.0000),
(157, '2025-03-10', 2000.0000),
(158, '2025-03-10', 3950.0000),
(159, '2025-03-10', 6000.0000),
(160, '2025-03-10', 3700.0000),
(161, '2025-03-11', 3800.0000),
(162, '2025-03-12', 3950.0000),
(163, '2025-03-16', 5600.0000),
(164, '2025-03-17', 3750.0000),
(165, '2025-03-18', 3800.0000),
(166, '2025-03-23', 4000.0000),
(167, '2025-03-27', 5850.0000),
(168, '2025-03-30', 5250.0000),
(169, '2025-04-06', 2000.0000),
(170, '2025-04-06', 4200.0000),
(171, '2025-04-06', 2200.0000),
(172, '2025-04-08', 2000.0000),
(173, '2025-04-05', 3800.0000),
(174, '2025-04-12', 4000.0000),
(175, '2025-04-09', 7000.0000),
(176, '2025-04-09', 5300.0000),
(177, '2025-04-13', 3500.0000),
(178, '2025-04-14', 1000.0000),
(179, '2025-04-15', 2500.0000),
(180, '2025-04-15', 3800.0000),
(181, '2025-04-15', 3700.0000),
(182, '2025-04-19', 7600.0000),
(183, '2025-04-21', 4000.0000),
(184, '2025-04-23', 3500.0000),
(185, '2025-04-24', 5000.0000),
(186, '2025-04-25', 2500.0000),
(187, '2025-04-26', 4000.0000),
(188, '2025-04-29', 3700.0000),
(189, '2025-05-05', 2200.0000),
(190, '2025-05-06', 3800.0000),
(191, '2025-05-06', 2300.0000),
(192, '2025-05-06', 2000.0000),
(193, '2025-05-11', 7500.0000),
(194, '2025-05-11', 6000.0000),
(195, '2025-05-12', 7000.0000),
(196, '2025-05-12', 5700.0000),
(197, '2025-05-13', 3700.0000),
(198, '2025-05-17', 1800.0000),
(199, '2025-05-18', 1750.0000),
(200, '2025-05-18', 9900.0000),
(201, '2025-05-18', 1700.0000),
(202, '2025-05-19', 7500.0000),
(203, '2025-05-20', 5000.0000),
(204, '2025-05-20', 5300.0000),
(205, '2025-05-22', 5800.0000),
(206, '2025-05-23', 2000.0000),
(207, '2025-05-23', 10000.0000),
(208, '2025-05-25', 3800.0000),
(209, '2025-05-25', 2250.0000),
(210, '2025-05-26', 3350.0000),
(211, '2025-05-27', 3600.0000),
(212, '2025-05-27', 5300.0000),
(213, '2025-05-29', 5300.0000),
(214, '2025-09-19', 4000.0000);

-- --------------------------------------------------------

--
-- Structure de la table `compte`
--

DROP TABLE IF EXISTS `compte`;
CREATE TABLE IF NOT EXISTS `compte` (
  `id_cpt` int NOT NULL,
  `dev_code` char(4) CHARACTER SET utf8mb4 COLLATE utf8mb4_unicode_ci NOT NULL,
  `type_cpt` varchar(50) CHARACTER SET utf8mb4 COLLATE utf8mb4_unicode_ci NOT NULL,
  `designation_cpt` varchar(50) CHARACTER SET utf8mb4 COLLATE utf8mb4_unicode_ci NOT NULL,
  `solde_actuel` decimal(10,2) NOT NULL DEFAULT '0.00',
  `taux_change_actuel` decimal(10,2) NOT NULL DEFAULT '0.00',
  PRIMARY KEY (`id_cpt`),
  KEY `compte_dev_code_fkey` (`dev_code`)
) ENGINE=InnoDB DEFAULT CHARSET=utf8mb4 COLLATE=utf8mb4_unicode_ci;

--
-- Déchargement des données de la table `compte`
--

INSERT INTO `compte` (`id_cpt`, `dev_code`, `type_cpt`, `designation_cpt`, `solde_actuel`, `taux_change_actuel`) VALUES
(1, 'EUR', 'COMMUN', 'Wise', 264.10, 247.00),
(2, 'DZD', 'COMMUN', 'Caisse', 126120.67, 3.00),
(3, 'USDT', 'PERSONNEL', 'Redotpay Bouzid', 0.27, 231.07);

-- --------------------------------------------------------

--
-- Structure de la table `crediter`
--

DROP TABLE IF EXISTS `crediter`;
CREATE TABLE IF NOT EXISTS `crediter` (
  `id_op_crd` int NOT NULL,
  `cpt_id` int NOT NULL,
  `date_op` date NOT NULL,
  `montant_op` decimal(10,2) NOT NULL,
  `taux_change` decimal(10,2) NOT NULL,
  PRIMARY KEY (`id_op_crd`),
  KEY `crediter_cpt_id_fkey` (`cpt_id`)
) ENGINE=InnoDB DEFAULT CHARSET=utf8mb4 COLLATE=utf8mb4_unicode_ci;

--
-- Déchargement des données de la table `crediter`
--

INSERT INTO `crediter` (`id_op_crd`, `cpt_id`, `date_op`, `montant_op`, `taux_change`) VALUES
(1, 2, '2023-10-22', 34500.00, 1.00),
(2, 1, '2023-10-26', 100.00, 230.00),
(3, 1, '2023-11-12', 10.00, 230.00),
(4, 1, '2024-01-02', 40.00, 230.00),
(5, 3, '2024-01-06', 19.00, 231.30),
(6, 3, '2024-01-10', 36.00, 231.30),
(7, 3, '2024-01-02', 30.00, 231.30),
(8, 1, '2024-03-10', 162.76, 245.76),
(9, 3, '2024-03-05', 25.50, 231.50),
(10, 1, '2024-05-25', 170.00, 246.00),
(11, 1, '2024-06-13', 110.00, 246.00),
(12, 3, '2024-06-18', 34.00, 231.00),
(13, 1, '2024-07-15', 138.00, 246.00),
(14, 1, '2024-08-21', 120.00, 240.00),
(15, 1, '2024-09-11', 161.40, 247.00),
(16, 1, '2024-09-15', 100.00, 240.00),
(17, 1, '2024-10-04', 150.00, 240.00),
(18, 1, '2024-11-07', 150.00, 240.00),
(19, 1, '2025-01-14', 400.00, 250.00),
(20, 1, '2025-01-31', 180.00, 250.00),
(21, 1, '2025-03-01', 385.00, 246.75),
(22, 1, '2025-03-26', 400.00, 250.00),
(23, 1, '2025-04-03', 170.00, 240.00);

-- --------------------------------------------------------

--
-- Structure de la table `depense`
--

DROP TABLE IF EXISTS `depense`;
CREATE TABLE IF NOT EXISTS `depense` (
  `id_op_dep` int NOT NULL,
  `cpt_id` int NOT NULL,
  `nat_dep_id` int NOT NULL,
  `date_dep` date NOT NULL,
  `mnt_dep` decimal(12,4) NOT NULL,
  `mnt_dep_dzd` decimal(12,4) NOT NULL,
  PRIMARY KEY (`id_op_dep`),
  KEY `depense_cpt_id_fkey` (`cpt_id`),
  KEY `depense_nat_dep_id_fkey` (`nat_dep_id`)
) ENGINE=InnoDB DEFAULT CHARSET=utf8mb4 COLLATE=utf8mb4_unicode_ci;

--
-- Déchargement des données de la table `depense`
--

INSERT INTO `depense` (`id_op_dep`, `cpt_id`, `nat_dep_id`, `date_dep`, `mnt_dep`, `mnt_dep_dzd`) VALUES
(1, 1, 3, '2024-02-12', 6.0000, 1380.0000),
(2, 2, 1, '2024-06-01', 2700.0000, 2700.0000),
(3, 2, 4, '2024-12-31', 100000.0000, 100000.0000),
(4, 2, 5, '2024-12-31', 5000.0000, 5000.0000),
(5, 2, 6, '2024-12-31', 2500.0000, 2500.0000),
(6, 2, 1, '2025-02-24', 2050.0000, 2050.0000),
(7, 2, 5, '2025-04-15', 4500.0000, 4500.0000),
(8, 2, 7, '2025-04-15', 1400.0000, 1400.0000),
(9, 2, 8, '2025-04-18', 1000.0000, 1000.0000),
(10, 2, 5, '2025-05-03', 2000.0000, 2000.0000),
(11, 2, 4, '2025-05-18', 100000.0000, 100000.0000),
(12, 1, 3, '2025-05-19', 1.6000, 395.2640),
(13, 2, 9, '2024-07-08', 300.0000, 300.0000),
(14, 2, 9, '2024-08-14', 350.0000, 350.0000),
(15, 2, 9, '2024-08-29', 100.0000, 100.0000),
(16, 2, 9, '2024-09-11', 100.0000, 100.0000),
(17, 2, 9, '2024-12-05', 210.0000, 210.0000),
(18, 2, 9, '2024-12-26', 240.0000, 240.0000),
(19, 2, 9, '2025-01-12', 100.0000, 100.0000),
(20, 2, 9, '2025-02-02', 240.0000, 240.0000),
(21, 2, 9, '2025-03-02', 710.0000, 710.0000),
(22, 2, 9, '2025-03-16', 500.0000, 500.0000),
(23, 2, 9, '2025-04-05', 180.0000, 180.0000),
(24, 2, 9, '2025-04-16', 220.0000, 220.0000),
(25, 2, 9, '2025-05-18', 280.0000, 280.0000),
(26, 2, 8, '2025-05-18', 250.0000, 250.0000);

-- --------------------------------------------------------

--
-- Structure de la table `devise`
--

DROP TABLE IF EXISTS `devise`;
CREATE TABLE IF NOT EXISTS `devise` (
  `code_dev` char(4) CHARACTER SET utf8mb4 COLLATE utf8mb4_unicode_ci NOT NULL,
  `nom_dev` varchar(20) CHARACTER SET utf8mb4 COLLATE utf8mb4_unicode_ci NOT NULL,
  `symbole_dev` varchar(3) CHARACTER SET utf8mb4 COLLATE utf8mb4_unicode_ci NOT NULL,
  PRIMARY KEY (`code_dev`)
) ENGINE=InnoDB DEFAULT CHARSET=utf8mb4 COLLATE=utf8mb4_unicode_ci;

--
-- Déchargement des données de la table `devise`
--

INSERT INTO `devise` (`code_dev`, `nom_dev`, `symbole_dev`) VALUES
('DZD', 'Dinar Algerie', 'DA'),
('EUR', 'Euro', '€'),
('USD', 'Dollar Américain', '$'),
('USDT', 'Tether', '₮');

-- --------------------------------------------------------

--
-- Structure de la table `ligne_commande`
--

DROP TABLE IF EXISTS `ligne_commande`;
CREATE TABLE IF NOT EXISTS `ligne_commande` (
  `cde_id` int NOT NULL,
  `prd_id` int NOT NULL,
  `qte_cde` int NOT NULL,
  `pu_vente` decimal(10,4) NOT NULL,
  PRIMARY KEY (`cde_id`,`prd_id`),
  KEY `ligne_commande_prd_id_fkey` (`prd_id`)
) ENGINE=InnoDB DEFAULT CHARSET=utf8mb4 COLLATE=utf8mb4_unicode_ci;

--
-- Déchargement des données de la table `ligne_commande`
--

INSERT INTO `ligne_commande` (`cde_id`, `prd_id`, `qte_cde`, `pu_vente`) VALUES
(1, 5, 1, 1500.0000),
(2, 10, 1, 4000.0000),
(3, 8, 1, 3000.0000),
(4, 2, 2, 2800.0000),
(5, 9, 2, 2325.0000),
(6, 17, 1, 3800.0000),
(7, 18, 1, 7000.0000),
(8, 6, 1, 4000.0000),
(9, 4, 1, 5000.0000),
(10, 22, 1, 3000.0000),
(11, 20, 1, 4000.0000),
(12, 21, 1, 1400.0000),
(13, 21, 2, 1700.0000),
(14, 34, 1, 5000.0000),
(15, 43, 1, 4550.0000),
(16, 19, 1, 1500.0000),
(16, 49, 1, 7000.0000),
(17, 31, 1, 1400.0000),
(18, 36, 1, 1200.0000),
(19, 36, 1, 1200.0000),
(20, 23, 1, 3400.0000),
(21, 23, 1, 3300.0000),
(22, 44, 1, 3000.0000),
(23, 45, 1, 1800.0000),
(24, 47, 2, 1200.0000),
(25, 17, 1, 3800.0000),
(25, 35, 1, 5500.0000),
(25, 37, 1, 4000.0000),
(25, 40, 1, 4000.0000),
(25, 48, 1, 4500.0000),
(25, 54, 1, 2300.0000),
(26, 9, 3, 1800.0000),
(26, 35, 1, 4800.0000),
(26, 37, 1, 3500.0000),
(27, 9, 3, 2500.0000),
(28, 9, 2, 2800.0000),
(29, 3, 1, 7500.0000),
(29, 17, 1, 3500.0000),
(30, 21, 1, 1800.0000),
(31, 59, 1, 6000.0000),
(32, 40, 1, 5000.0000),
(33, 56, 1, 4200.0000),
(34, 54, 1, 2700.0000),
(35, 64, 1, 6000.0000),
(36, 64, 1, 5000.0000),
(37, 63, 2, 6000.0000),
(38, 37, 1, 4000.0000),
(39, 49, 1, 7000.0000),
(39, 56, 2, 3800.0000),
(39, 58, 1, 6500.0000),
(39, 60, 2, 1000.0000),
(40, 56, 1, 4000.0000),
(41, 56, 1, 3200.0000),
(42, 47, 1, 2000.0000),
(43, 47, 1, 2000.0000),
(44, 68, 1, 15500.0000),
(45, 69, 1, 7650.0000),
(46, 80, 1, 10500.0000),
(47, 84, 1, 4000.0000),
(48, 37, 1, 3800.0000),
(48, 86, 1, 5000.0000),
(48, 87, 1, 3500.0000),
(48, 90, 1, 5500.0000),
(49, 81, 1, 4000.0000),
(49, 83, 1, 3000.0000),
(50, 7, 1, 1500.0000),
(51, 93, 1, 5500.0000),
(52, 80, 1, 7000.0000),
(53, 80, 1, 8500.0000),
(54, 94, 1, 7500.0000),
(55, 101, 1, 6000.0000),
(56, 47, 1, 2000.0000),
(57, 98, 1, 4700.0000),
(58, 105, 1, 4700.0000),
(59, 103, 2, 2500.0000),
(60, 99, 1, 2000.0000),
(61, 109, 1, 9000.0000),
(62, 102, 1, 6000.0000),
(63, 64, 1, 6500.0000),
(64, 110, 1, 2000.0000),
(65, 100, 1, 3800.0000),
(65, 106, 1, 4000.0000),
(66, 106, 1, 4300.0000),
(67, 56, 2, 4000.0000),
(68, 98, 1, 5000.0000),
(68, 103, 1, 2500.0000),
(69, 108, 1, 3700.0000),
(70, 100, 1, 3800.0000),
(71, 103, 1, 2500.0000),
(72, 116, 1, 4500.0000),
(73, 117, 1, 4000.0000),
(74, 23, 1, 3800.0000),
(75, 23, 1, 4000.0000),
(76, 47, 1, 2000.0000),
(77, 108, 1, 3800.0000),
(78, 86, 1, 5000.0000),
(78, 102, 1, 5500.0000),
(79, 12, 4, 2000.0000),
(80, 89, 1, 7500.0000),
(81, 92, 1, 2500.0000),
(82, 103, 1, 2500.0000),
(83, 21, 1, 1800.0000),
(84, 120, 1, 3800.0000),
(85, 97, 2, 2300.0000),
(85, 106, 3, 3400.0000),
(86, 107, 1, 6000.0000),
(87, 121, 1, 3500.0000),
(88, 21, 1, 1600.0000),
(89, 121, 1, 3000.0000),
(90, 113, 1, 2250.0000),
(90, 118, 1, 6250.0000),
(91, 23, 1, 4200.0000),
(92, 125, 1, 5500.0000),
(93, 126, 1, 1800.0000),
(94, 48, 1, 5000.0000),
(94, 99, 1, 1700.0000),
(95, 83, 1, 3000.0000),
(96, 120, 1, 3800.0000),
(97, 115, 1, 2500.0000),
(97, 120, 1, 4000.0000),
(98, 123, 1, 4200.0000),
(99, 47, 1, 2000.0000),
(100, 47, 1, 1800.0000),
(101, 99, 1, 1800.0000),
(102, 105, 1, 5000.0000),
(103, 117, 1, 3900.0000),
(104, 113, 1, 2500.0000),
(104, 120, 1, 4000.0000),
(105, 116, 1, 4000.0000),
(106, 120, 1, 4000.0000),
(107, 120, 1, 3800.0000),
(108, 116, 1, 3800.0000),
(109, 106, 1, 3800.0000),
(109, 115, 1, 2200.0000),
(110, 116, 1, 4000.0000),
(111, 116, 1, 4000.0000),
(112, 119, 1, 15000.0000),
(113, 117, 1, 4000.0000),
(114, 102, 1, 5500.0000),
(115, 102, 1, 5500.0000),
(116, 126, 1, 2250.0000),
(117, 105, 1, 5300.0000),
(118, 104, 2, 2200.0000),
(119, 120, 1, 3800.0000),
(120, 103, 1, 2500.0000),
(121, 114, 1, 2500.0000),
(122, 20, 1, 6300.0000),
(123, 106, 1, 3750.0000),
(124, 132, 1, 1700.0000),
(125, 136, 1, 3700.0000),
(126, 138, 1, 2350.0000),
(127, 114, 1, 2300.0000),
(128, 133, 1, 1650.0000),
(129, 121, 1, 4500.0000),
(130, 145, 1, 2400.0000),
(131, 121, 1, 4000.0000),
(132, 103, 1, 2000.0000),
(133, 104, 1, 2000.0000),
(134, 147, 2, 1900.0000),
(135, 106, 1, 3500.0000),
(135, 122, 2, 2250.0000),
(136, 102, 1, 5800.0000),
(137, 104, 1, 2000.0000),
(138, 138, 1, 2450.0000),
(139, 145, 1, 2000.0000),
(140, 84, 2, 3500.0000),
(141, 20, 1, 5500.0000),
(141, 106, 5, 3400.0000),
(141, 120, 1, 3400.0000),
(142, 20, 1, 5800.0000),
(143, 23, 1, 3500.0000),
(144, 116, 1, 4000.0000),
(145, 103, 2, 1800.0000),
(146, 141, 1, 2300.0000),
(147, 23, 1, 4000.0000),
(148, 90, 1, 5500.0000),
(148, 144, 1, 7000.0000),
(149, 47, 1, 1800.0000),
(150, 20, 1, 5800.0000),
(151, 120, 1, 3750.0000),
(152, 148, 1, 8500.0000),
(153, 120, 3, 3500.0000),
(154, 132, 1, 1700.0000),
(155, 105, 1, 5500.0000),
(156, 102, 1, 5550.0000),
(157, 47, 1, 2000.0000),
(158, 23, 1, 3950.0000),
(159, 105, 1, 6000.0000),
(160, 117, 1, 3700.0000),
(161, 23, 1, 3800.0000),
(162, 117, 1, 3950.0000),
(163, 102, 1, 5600.0000),
(164, 145, 2, 1875.0000),
(165, 23, 1, 3800.0000),
(166, 145, 2, 2000.0000),
(167, 150, 1, 5850.0000),
(168, 154, 1, 5250.0000),
(169, 104, 1, 2000.0000),
(170, 97, 1, 2400.0000),
(170, 158, 1, 1800.0000),
(171, 160, 1, 2200.0000),
(172, 158, 1, 2000.0000),
(173, 121, 1, 3800.0000),
(174, 104, 2, 2000.0000),
(175, 156, 1, 7000.0000),
(176, 146, 1, 5300.0000),
(177, 135, 1, 3500.0000),
(178, 140, 1, 1000.0000),
(179, 82, 1, 2500.0000),
(180, 104, 2, 1900.0000),
(181, 120, 1, 3700.0000),
(182, 120, 2, 3800.0000),
(183, 116, 1, 4000.0000),
(184, 135, 1, 3500.0000),
(185, 154, 1, 5000.0000),
(186, 155, 1, 2500.0000),
(187, 158, 2, 2000.0000),
(188, 23, 1, 3700.0000),
(189, 54, 1, 2200.0000),
(190, 106, 1, 3800.0000),
(191, 160, 1, 2300.0000),
(192, 145, 1, 2000.0000),
(193, 170, 1, 7500.0000),
(194, 167, 1, 6000.0000),
(195, 156, 1, 7000.0000),
(196, 125, 1, 5700.0000),
(197, 120, 1, 3700.0000),
(198, 145, 1, 1800.0000),
(199, 47, 1, 1750.0000),
(200, 120, 1, 3700.0000),
(200, 134, 1, 4400.0000),
(200, 158, 1, 1800.0000),
(201, 173, 1, 1700.0000),
(202, 171, 1, 7500.0000),
(203, 137, 1, 5000.0000),
(204, 90, 1, 5300.0000),
(205, 105, 1, 5800.0000),
(206, 157, 1, 2000.0000),
(207, 164, 1, 10000.0000),
(208, 121, 1, 3800.0000),
(209, 54, 1, 2250.0000),
(210, 165, 1, 3350.0000),
(211, 104, 2, 1800.0000),
(212, 105, 1, 5300.0000),
(213, 102, 1, 5300.0000),
(214, 186, 2, 2000.0000);

-- --------------------------------------------------------

--
-- Structure de la table `ligne_commande_colis`
--

DROP TABLE IF EXISTS `ligne_commande_colis`;
CREATE TABLE IF NOT EXISTS `ligne_commande_colis` (
  `cde_id` int NOT NULL,
  `prd_id` int NOT NULL,
  `colis_id` int NOT NULL,
  `qte` int NOT NULL,
  PRIMARY KEY (`cde_id`,`prd_id`,`colis_id`),
  KEY `ligne_commande_colis_colis_id_fkey` (`colis_id`)
) ENGINE=InnoDB DEFAULT CHARSET=utf8mb4 COLLATE=utf8mb4_unicode_ci;

--
-- Déchargement des données de la table `ligne_commande_colis`
--

INSERT INTO `ligne_commande_colis` (`cde_id`, `prd_id`, `colis_id`, `qte`) VALUES
(1, 5, 5, 1),
(2, 10, 10, 1),
(3, 8, 8, 1),
(4, 2, 2, 2),
(5, 9, 9, 2),
(6, 17, 18, 1),
(7, 18, 19, 1),
(8, 6, 6, 1),
(9, 4, 4, 1),
(10, 22, 26, 1),
(11, 20, 24, 1),
(12, 21, 25, 1),
(13, 21, 25, 2),
(14, 34, 40, 1),
(15, 43, 55, 1),
(16, 19, 20, 1),
(16, 49, 63, 1),
(17, 31, 37, 1),
(18, 36, 42, 1),
(19, 36, 43, 1),
(20, 23, 27, 1),
(21, 23, 30, 1),
(22, 44, 56, 1),
(23, 45, 57, 1),
(24, 47, 60, 1),
(24, 47, 61, 1),
(25, 17, 23, 1),
(25, 35, 41, 1),
(25, 37, 45, 1),
(25, 40, 51, 1),
(25, 48, 62, 1),
(25, 54, 69, 1),
(26, 9, 9, 3),
(26, 35, 41, 1),
(26, 37, 50, 1),
(27, 9, 22, 3),
(28, 9, 22, 2),
(29, 3, 3, 1),
(29, 17, 46, 1),
(30, 21, 68, 1),
(31, 59, 83, 1),
(32, 40, 52, 1),
(33, 56, 71, 1),
(34, 54, 80, 1),
(35, 64, 91, 1),
(36, 64, 91, 1),
(37, 63, 89, 2),
(38, 37, 73, 1),
(39, 49, 82, 1),
(39, 56, 72, 1),
(39, 56, 74, 1),
(39, 58, 78, 1),
(39, 60, 84, 1),
(39, 60, 85, 1),
(40, 56, 75, 1),
(41, 56, 81, 1),
(42, 47, 96, 1),
(43, 47, 97, 1),
(44, 68, 95, 1),
(45, 69, 98, 1),
(46, 80, 111, 1),
(47, 84, 116, 1),
(48, 37, 100, 1),
(48, 86, 118, 1),
(48, 87, 120, 1),
(48, 90, 123, 1),
(49, 81, 112, 1),
(49, 83, 114, 1),
(50, 7, 7, 1),
(51, 93, 126, 1),
(52, 80, 130, 1),
(53, 80, 131, 1),
(54, 94, 127, 1),
(55, 101, 141, 1),
(56, 47, 137, 1),
(57, 98, 135, 1),
(58, 105, 153, 1),
(59, 103, 147, 1),
(59, 103, 148, 1),
(60, 99, 138, 1),
(61, 109, 164, 1),
(62, 102, 146, 1),
(63, 64, 140, 1),
(64, 110, 165, 1),
(65, 100, 139, 1),
(65, 106, 154, 1),
(66, 106, 155, 1),
(67, 56, 144, 1),
(67, 56, 145, 1),
(68, 98, 136, 1),
(68, 103, 149, 1),
(69, 108, 162, 1),
(70, 100, 139, 1),
(71, 103, 170, 1),
(72, 116, 181, 1),
(73, 117, 184, 1),
(74, 23, 152, 1),
(75, 23, 160, 1),
(76, 47, 142, 1),
(77, 108, 163, 1),
(78, 86, 203, 1),
(78, 102, 200, 1),
(79, 12, 12, 4),
(80, 89, 122, 1),
(81, 92, 125, 1),
(82, 103, 171, 1),
(83, 21, 68, 1),
(84, 120, 190, 1),
(85, 97, 133, 1),
(85, 97, 134, 1),
(85, 106, 156, 1),
(85, 106, 157, 1),
(85, 106, 187, 1),
(86, 107, 158, 1),
(87, 121, 193, 1),
(88, 21, 68, 1),
(89, 121, 206, 1),
(90, 113, 174, 1),
(90, 118, 185, 1),
(91, 23, 172, 1),
(92, 125, 209, 1),
(93, 126, 212, 1),
(94, 48, 214, 1),
(94, 99, 167, 1),
(95, 83, 115, 1),
(96, 120, 191, 1),
(97, 115, 179, 1),
(97, 120, 192, 1),
(98, 123, 201, 1),
(99, 47, 143, 1),
(100, 47, 161, 1),
(101, 99, 168, 1),
(102, 105, 173, 1),
(103, 117, 186, 1),
(104, 113, 175, 1),
(104, 120, 194, 1),
(105, 116, 182, 1),
(106, 120, 195, 1),
(107, 120, 197, 1),
(108, 116, 183, 1),
(109, 106, 188, 1),
(109, 115, 180, 1),
(110, 116, 210, 1),
(111, 116, 211, 1),
(112, 119, 189, 1),
(113, 117, 219, 1),
(114, 102, 204, 1),
(115, 102, 205, 1),
(116, 126, 213, 1),
(117, 105, 215, 1),
(118, 104, 150, 1),
(118, 104, 151, 1),
(119, 120, 199, 1),
(120, 103, 222, 1),
(121, 114, 177, 1),
(122, 20, 226, 1),
(123, 106, 207, 1),
(124, 132, 223, 1),
(125, 136, 247, 1),
(126, 138, 255, 1),
(127, 114, 178, 1),
(128, 133, 224, 1),
(129, 121, 237, 1),
(130, 145, 281, 1),
(131, 121, 238, 1),
(132, 103, 222, 1),
(133, 104, 278, 1),
(134, 147, 286, 1),
(134, 147, 287, 1),
(135, 106, 208, 1),
(135, 122, 196, 2),
(136, 102, 277, 1),
(137, 104, 279, 1),
(138, 138, 256, 1),
(139, 145, 282, 1),
(140, 84, 198, 1),
(140, 84, 234, 1),
(141, 20, 227, 1),
(141, 106, 228, 1),
(141, 106, 229, 1),
(141, 106, 230, 1),
(141, 106, 231, 1),
(141, 106, 232, 1),
(141, 120, 239, 1),
(142, 20, 249, 1),
(143, 23, 244, 1),
(144, 116, 253, 1),
(145, 103, 267, 1),
(145, 103, 268, 1),
(146, 141, 263, 1),
(147, 23, 245, 1),
(148, 90, 294, 1),
(148, 144, 280, 1),
(149, 47, 225, 1),
(150, 20, 250, 1),
(151, 120, 240, 1),
(152, 148, 288, 1),
(153, 120, 241, 1),
(153, 120, 242, 1),
(153, 120, 243, 1),
(154, 132, 223, 1),
(155, 105, 284, 1),
(156, 102, 289, 1),
(157, 47, 225, 1),
(158, 23, 246, 1),
(159, 105, 285, 1),
(160, 117, 251, 1),
(161, 23, 271, 1),
(162, 117, 252, 1),
(163, 102, 299, 1),
(164, 145, 297, 1),
(164, 145, 298, 1),
(165, 23, 272, 1),
(166, 145, 301, 1),
(166, 145, 302, 1),
(167, 150, 296, 1),
(168, 154, 312, 1),
(169, 104, 328, 1),
(170, 97, 258, 1),
(170, 158, 319, 1),
(171, 160, 331, 1),
(172, 158, 320, 1),
(173, 121, 305, 1),
(174, 104, 329, 1),
(174, 104, 330, 1),
(175, 156, 316, 1),
(176, 146, 283, 1),
(177, 135, 236, 1),
(178, 140, 260, 1),
(179, 82, 113, 1),
(180, 104, 338, 1),
(180, 104, 339, 1),
(181, 120, 358, 1),
(182, 120, 359, 1),
(182, 120, 360, 1),
(183, 116, 350, 1),
(184, 135, 274, 1),
(185, 154, 313, 1),
(186, 155, 314, 1),
(187, 158, 321, 1),
(187, 158, 325, 1),
(188, 23, 308, 1),
(189, 54, 275, 1),
(190, 106, 265, 1),
(191, 160, 332, 1),
(192, 145, 303, 1),
(193, 170, 374, 1),
(194, 167, 366, 1),
(195, 156, 317, 1),
(196, 125, 347, 1),
(197, 120, 361, 1),
(198, 145, 372, 1),
(199, 47, 225, 1),
(200, 120, 362, 1),
(200, 134, 233, 1),
(200, 158, 326, 1),
(201, 173, 377, 1),
(202, 171, 375, 1),
(203, 137, 254, 1),
(204, 90, 342, 1),
(205, 105, 363, 1),
(206, 157, 318, 1),
(207, 164, 353, 1),
(208, 121, 306, 1),
(209, 54, 276, 1),
(210, 165, 354, 1),
(211, 104, 340, 1),
(211, 104, 341, 1),
(212, 105, 364, 1),
(213, 102, 335, 1),
(214, 186, 394, 2);

-- --------------------------------------------------------

--
-- Structure de la table `nature_dep`
--

DROP TABLE IF EXISTS `nature_dep`;
CREATE TABLE IF NOT EXISTS `nature_dep` (
  `id_nat_dep` int NOT NULL,
  `designation_nat_dep` varchar(50) CHARACTER SET utf8mb4 COLLATE utf8mb4_unicode_ci NOT NULL,
  PRIMARY KEY (`id_nat_dep`)
) ENGINE=InnoDB DEFAULT CHARSET=utf8mb4 COLLATE=utf8mb4_unicode_ci;

--
-- Déchargement des données de la table `nature_dep`
--

INSERT INTO `nature_dep` (`id_nat_dep`, `designation_nat_dep`) VALUES
(1, 'EMBALLAGE'),
(2, 'LIVRAISON'),
(3, 'PUBLICITE'),
(4, 'COFFRE FORT'),
(5, 'SUBVENTION FAMILIALE'),
(6, 'DROIT DE TIMBRE'),
(7, 'RETOUR ET REMBOURSEMENT'),
(8, 'TAXE RETOUR'),
(9, 'TAXE COD');

-- --------------------------------------------------------

--
-- Structure de la table `produit`
--

DROP TABLE IF EXISTS `produit`;
CREATE TABLE IF NOT EXISTS `produit` (
  `id_prd` int NOT NULL,
  `designation_prd` varchar(150) CHARACTER SET utf8mb4 COLLATE utf8mb4_unicode_ci NOT NULL,
  `qte_dispo` int NOT NULL DEFAULT '0',
  PRIMARY KEY (`id_prd`)
) ENGINE=InnoDB DEFAULT CHARSET=utf8mb4 COLLATE=utf8mb4_unicode_ci;

--
-- Déchargement des données de la table `produit`
--

INSERT INTO `produit` (`id_prd`, `designation_prd`, `qte_dispo`) VALUES
(1, 'Massage Electrique', 0),
(2, 'RAM RZX DD3L 8Go 1600MHz Laptop', 0),
(3, 'SSD 1TB Goldefir', 0),
(4, 'NVME 512GB Puskill', 0),
(5, 'Baffle Lenovo K3 Pro Noir', 0),
(6, 'Montre Homme Poedagar Silver Blue', 0),
(7, 'Smartwatch Colmi P71', 0),
(8, 'Smartwatch Zeblaze GTS 3 Pro', 0),
(9, 'RAM Asgard DDR4 8Go 3200MHz', 0),
(10, 'SSD XrayDisk 512GB', 0),
(11, 'Flashdisk ADATA 64GB', 0),
(12, 'RAM Asgard DDR4 8Go 3600MHz', 0),
(13, 'Support Smartphone Essager', 0),
(14, 'Tondeuse anti peluches', 2),
(15, 'SD Card Kodak 128GB', 0),
(16, 'Projecteur LED Rotatif', 0),
(17, 'SSD XrayDisk 240GB', 0),
(18, 'SSD SomnAmbulist 1TB', 0),
(19, 'Pate Thermique MX-4', 1),
(20, 'SSD Walram 512GB', 3),
(21, 'Cle USB 64 Go OTG 2 en 1', 0),
(22, 'Montre Brahim', 0),
(23, 'Carte Wifi 5 Fenvi AC-1200', 5),
(24, 'Outil d\'affutage pour couteaux', 0),
(25, 'Car essential oil diffuser', 1),
(26, 'Cable USB Essager', 0),
(27, 'Sac a dos', 0),
(28, 'CPU fan cooler Aigo ICE 200PRO', 0),
(29, 'Organisateur de calbe', 0),
(30, 'Souris filaire Skylion F1', 0),
(31, 'Montre pour femme', 0),
(32, 'Montre pour femme verte', 0),
(33, 'Montre bracelet carree', 0),
(34, 'NVME 1TB Western Digital', 0),
(35, 'RAM Asgard DDR4 16Go 3200MHz', 0),
(36, 'Humidificateur de bureau', 0),
(37, 'SSD Goldenfir 256GB', 0),
(38, 'Tondeuse Kemei 5027', 0),
(39, 'Ceinture pour bas de dos', 0),
(40, 'HDD externe UnionSine 500GB', 2),
(41, 'Kitman fares', 0),
(42, 'Pompe à air portable', 0),
(43, 'Clavier 60% LEAVEN K620', 0),
(44, 'Saccoche pour homme', 0),
(45, 'Lampe anti moustiques', 0),
(46, 'Chargeur Essager 33W', 0),
(47, 'Switch HDMI', 4),
(48, 'Logitech G102', 0),
(49, 'Logitech G502 Hero', 0),
(50, 'Heatsink pour NVME', 0),
(51, 'Ensemble de jeux camion', 0),
(52, 'Tasse à café inoxe', 0),
(53, 'Adaptateur cable antenne', 0),
(54, 'Repeteur WiFi 300Mbps', 0),
(55, 'Serviette de bain', 2),
(56, 'SSD XrayDisk 256GB', 0),
(57, 'Cle USB Lexar M400 64GB', 0),
(58, 'HDD externe UnionSine 1TB', 0),
(59, 'Thunderobot ML602', 0),
(60, 'Souris sans fil', 0),
(61, 'Desodorisant de voiture', 0),
(62, 'Brosse a dents electrique', 1),
(63, 'NVME 512GB Pro XrayDisk', 0),
(64, 'SSD Puskill 512GB', 0),
(65, 'Sac de sport', 0),
(66, 'Montre Curren Istro REN', 0),
(67, 'Extracteur de fusible', 0),
(68, 'CPU Ryzen 5 5500', 0),
(69, 'Attack Shark X3', 0),
(70, 'Machenike M7 Pro', 0),
(71, 'CPU AMD Ryzen 5 5600', 0),
(72, 'Chaussettes 5 paires', 0),
(73, 'Brachelet a boucle milanaise', 0),
(74, 'Attaches de cable adhesive', 0),
(75, 'Card Male Wallet', 0),
(76, 'Tapis souris Dragon 400*900*3', 1),
(77, 'Chargeur Essager 20W', 0),
(78, 'LED Motion Sensor Light', 0),
(79, 'Gourde d\'eau 560ml', 1),
(80, 'Data Show Magcubic HY300 PRO', 0),
(81, 'SSD SomnAmbulist 256GB', 0),
(82, 'Ventilateur portable 3 en 1', 0),
(83, 'Repeteur WiFi Xiaomi 300Mbps', 0),
(84, 'Montre Homme Naviforce SBEBE', 1),
(85, 'Bascket homme Baasploa', 0),
(86, 'Clavier 60% Red Switch MUCAI MKA610B', 0),
(87, 'SSD SomnAmbulist 240GB', 0),
(88, 'Pese personne Noir', 0),
(89, 'Router Xiaomi AX1500 WiFi 6', 0),
(90, 'Attack Shark R1 Noir', 0),
(91, 'Chargeur pour voiture 50W', 0),
(92, 'Cle WiFi USB AC650', 0),
(93, 'Smartphone FreeYond M5A', 0),
(94, 'CPU fan cooler DEEPCOOL AG400', 0),
(95, 'Livre de coloriage magique', 0),
(96, 'Cervical Massager', 0),
(97, 'SSD Walram 128GB', 0),
(98, 'HDD externe SomnAmbulist 500GB', 0),
(99, 'Tapis souris 300*800*2', 0),
(100, 'SSD Cusu 240GB', 0),
(101, 'NVME 512GB KOOTION', 0),
(102, 'Attack Shark R1 Blanche', 4),
(103, 'RAM Walram DDR3L 8Go 1600MHz Laptop', 0),
(104, 'RAM Walram DDR3 8Go 1600MHz', 2),
(105, 'Carte Wifi 6 Fenvi AX-1800', 0),
(106, 'SSD Walram 256GB', 1),
(107, 'NVME 512GB Cusu', 0),
(108, 'SSD Goldenfir 240GB', 0),
(109, 'Attack Shark X6', 0),
(110, 'Pese personne Brahim', 0),
(111, 'Cle USB ADATA UV150 64GB', 0),
(112, 'Bouteil d\'huile', 0),
(113, 'RAM Tecmiyo DDR3 8Go 1600MHz Laptop', 0),
(114, 'Pese personne Blanc', 0),
(115, 'RAM Puskill DDR3 8Go 1600MHz 1.5V Laptop', 0),
(116, 'Attack Shark X5', 1),
(117, 'Repeteur WiFi 5 1200Mbps', 0),
(118, 'SSD Netac 512GB', 0),
(119, 'NVME 1TB Orico PCIe', 0),
(120, 'SSD Netac 256GB', 0),
(121, 'Montre Homme Naviforce SBEBE Cuir', 1),
(122, 'RAM Kingston DDR3L 8Go 1600MHz Laptop', 0),
(123, 'NVME 256GB Superheer', 0),
(124, 'Serum', 0),
(125, 'TV Box Hongtop H20Pro 2/16', 1),
(126, 'RAM Casper DDR3 8Go 1600MHz', 0),
(127, 'Tensiometre', 0),
(128, 'Tete d\'impression MG5750', 0),
(129, 'Ecouteurs filaires type C SAMSUNG', 0),
(130, 'Telephone portable simple', 0),
(131, 'Tapis pour enfant', 0),
(132, 'Pate Thermique MX4 4g', 0),
(133, 'Pate Thermique zf-12 4g', 0),
(134, 'NVME 256GB Netac', 0),
(135, 'Montre Homme Naviforce SGNGN', 0),
(136, 'Souris filaire INPHIC W9 mute', 1),
(137, 'Montre Homme Curren', 0),
(138, 'Repeteur WiFi PIX-LINK 300Mbps', 0),
(139, 'Chargeur Toocki 47W', 1),
(140, 'HUB USB 3.0 Type-C', 2),
(141, 'Repeteur WiFi Fenvi 300Mbps', 0),
(142, 'Rack HDD DVD 9.5mm', 0),
(143, 'HUB USB 3.0', 2),
(144, 'Clavier 60% Red Switch AJAZZ AK680', 2),
(145, 'RAM RZX DDR3 8Go 1600MHz', 1),
(146, 'TV Box MXQ-Pro 2/16', 1),
(147, 'RAM ROUHONG DDR3 8Go 1600MHz', 0),
(148, 'TV Box Transpeed 4/32', 0),
(149, 'Lampe de bureau', 0),
(150, 'RAM Cusu DDR4 16Go 3200MHz', 0),
(151, 'RAM Netac DDR4 16Go 3200MHz Laptop', 1),
(152, 'Adaptateur bluetooth 5.0 USB', 0),
(153, 'Redragon STORM M808 RGB', 1),
(154, 'Carte Wifi 6 FIY AX-1800', 0),
(155, 'Repeteur WiFi 300Mbps 4 antennes', 1),
(156, 'Clavier 60% Blue Switch AJAZZ AK680', 0),
(157, 'Voiture RC1:16 jouet', 0),
(158, 'RAM Crucial DDR3L 8Go 1600MHz Laptop', 1),
(159, 'Sortie de bain pour enfant', 0),
(160, 'USB 8 en 1 Type-C RJ45', 0),
(161, 'Flashdisk KODAK 128GB 2 en 1', 0),
(162, 'Rack HDD/SSD 2.5\"', 0),
(163, 'RAM Casper DDR3L 8Go 1600MHz Laptop', 0),
(164, 'Carte mere Gigabyte B550 Aorus Elite', 0),
(165, 'Carte Wifi 5 Fenvi AC-1200 Bleu', 1),
(166, 'Souris Ajazz AJ179 Dual Mode PAW3395', 1),
(167, 'Souris Ajazz AJ179 V2 Tri-Mode PAW3311', 0),
(168, 'Haylou X1S Ecouteur sans fil', 1),
(169, 'Compteur pour FAW', 1),
(170, 'Attack Shark X11 Blanche', 0),
(171, 'Attack Shark X11 Noir', 0),
(172, 'Mini Clavier/Souris pour TV Box C120', 1),
(173, 'Piece pour tendeuse', 0),
(174, 'Multimetre Digital AN8250C', 0),
(175, 'RAM Netac DDR4 16Go 3200MHz Desktop', 1),
(176, 'Dentifrice', 0),
(177, 'Lunette de soleil Homme', 0),
(178, 'Tapis souris 200*250*2mm', 0),
(179, 'Testeur câble réseau RJ45-RJ11 AMPCOM', 0),
(180, 'Abonnement service Spotify', 0),
(181, 'Câble SATA 0.3m*3PCS', 0),
(182, 'Microphone Jack 3.5mm', 3),
(183, 'Kit de nettoyage', 0),
(184, 'Cle WiFi USB AX900', 3),
(185, 'Smartphone Poco C61 4/128', 0),
(186, 'Cle WiFi USB AC1200', 1);

--
-- Contraintes pour les tables déchargées
--

--
-- Contraintes pour la table `colis`
--
ALTER TABLE `colis`
  ADD CONSTRAINT `colis_cat_id_fkey` FOREIGN KEY (`cat_id`) REFERENCES `categorie` (`id_cat`) ON DELETE RESTRICT ON UPDATE CASCADE,
  ADD CONSTRAINT `colis_cpt_id_fkey` FOREIGN KEY (`cpt_id`) REFERENCES `compte` (`id_cpt`) ON DELETE RESTRICT ON UPDATE CASCADE,
  ADD CONSTRAINT `colis_prd_id_fkey` FOREIGN KEY (`prd_id`) REFERENCES `produit` (`id_prd`) ON DELETE RESTRICT ON UPDATE CASCADE;

--
-- Contraintes pour la table `compte`
--
ALTER TABLE `compte`
  ADD CONSTRAINT `compte_dev_code_fkey` FOREIGN KEY (`dev_code`) REFERENCES `devise` (`code_dev`) ON DELETE RESTRICT ON UPDATE CASCADE;

--
-- Contraintes pour la table `crediter`
--
ALTER TABLE `crediter`
  ADD CONSTRAINT `crediter_cpt_id_fkey` FOREIGN KEY (`cpt_id`) REFERENCES `compte` (`id_cpt`) ON DELETE RESTRICT ON UPDATE CASCADE;

--
-- Contraintes pour la table `depense`
--
ALTER TABLE `depense`
  ADD CONSTRAINT `depense_cpt_id_fkey` FOREIGN KEY (`cpt_id`) REFERENCES `compte` (`id_cpt`) ON DELETE RESTRICT ON UPDATE CASCADE,
  ADD CONSTRAINT `depense_nat_dep_id_fkey` FOREIGN KEY (`nat_dep_id`) REFERENCES `nature_dep` (`id_nat_dep`) ON DELETE RESTRICT ON UPDATE CASCADE;

--
-- Contraintes pour la table `ligne_commande`
--
ALTER TABLE `ligne_commande`
  ADD CONSTRAINT `ligne_commande_cde_id_fkey` FOREIGN KEY (`cde_id`) REFERENCES `commande` (`id_cde`) ON DELETE RESTRICT ON UPDATE CASCADE,
  ADD CONSTRAINT `ligne_commande_prd_id_fkey` FOREIGN KEY (`prd_id`) REFERENCES `produit` (`id_prd`) ON DELETE RESTRICT ON UPDATE CASCADE;

--
-- Contraintes pour la table `ligne_commande_colis`
--
ALTER TABLE `ligne_commande_colis`
  ADD CONSTRAINT `ligne_commande_colis_cde_id_prd_id_fkey` FOREIGN KEY (`cde_id`,`prd_id`) REFERENCES `ligne_commande` (`cde_id`, `prd_id`) ON DELETE RESTRICT ON UPDATE CASCADE,
  ADD CONSTRAINT `ligne_commande_colis_colis_id_fkey` FOREIGN KEY (`colis_id`) REFERENCES `colis` (`id_colis`) ON DELETE RESTRICT ON UPDATE CASCADE;
COMMIT;

/*!40101 SET CHARACTER_SET_CLIENT=@OLD_CHARACTER_SET_CLIENT */;
/*!40101 SET CHARACTER_SET_RESULTS=@OLD_CHARACTER_SET_RESULTS */;
/*!40101 SET COLLATION_CONNECTION=@OLD_COLLATION_CONNECTION */;
